algorithm,join_ratio,metric,n,mean,median,standard_deviation,minimum,q1,q3,maximum,iqr,coefficient_of_variation_percent
FedAvg,0.1,best_accuracy,5,0.6945600000000001,0.6968,0.00728718052472973,0.6848,0.6899,0.6978,0.7035,0.007900000000000018,1.0491794121069065
FedAvg,0.25,best_accuracy,5,0.70892,0.7118,0.006520506115325702,0.6993,0.7054,0.7126,0.7155,0.007199999999999984,0.9197802453486573
FedAvg,0.5,best_accuracy,5,0.7144999999999999,0.7146,0.0006204836822995192,0.7135,0.7145,0.7147,0.7152,0.00019999999999997797,0.08684166302302579
FedAvg,0.75,best_accuracy,5,0.7155400000000001,0.7154,0.0019501282009139996,0.7134,0.7141,0.7165,0.7183,0.0024000000000000687,0.27253936899600295
FedAvg,1.0,best_accuracy,5,0.7152000000000001,0.715,0.0006164414002968838,0.7145,0.7149,0.7155,0.7161,0.0006000000000000449,0.08619147095873654
FedProx,0.1,best_accuracy,5,0.6986800000000001,0.6963,0.006813736126384692,0.692,0.6943,0.7018,0.709,0.007499999999999951,0.9752298801146005
FedProx,0.25,best_accuracy,5,0.7064199999999999,0.7054,0.0037903825664436573,0.7031,0.7046,0.7061,0.7129,0.0014999999999999458,0.5365621820508562
FedProx,0.5,best_accuracy,5,0.71236,0.7119,0.002660451089571103,0.7093,0.7109,0.7134,0.7163,0.0025000000000000577,0.37347002773472726
FedProx,0.75,best_accuracy,5,0.715,0.7159,0.0026514147167125655,0.7119,0.7125,0.7169,0.7178,0.0043999999999999595,0.37082723310665255
FedProx,1.0,best_accuracy,5,0.71568,0.7155,0.000892748564826617,0.7148,0.715,0.7161,0.717,0.0010999999999999899,0.12474130405022035
SCAFFOLD,0.1,best_accuracy,5,0.73396,0.7337,0.00634255469034362,0.7265,0.7293,0.7383,0.742,0.009000000000000008,0.8641553613744102
SCAFFOLD,0.25,best_accuracy,5,0.73924,0.7378,0.004891114392446772,0.7329,0.7373,0.743,0.7452,0.005700000000000038,0.6616409274994282
SCAFFOLD,0.5,best_accuracy,5,0.7440199999999999,0.7451,0.00400587069187214,0.7383,0.7422,0.7455,0.749,0.0033000000000000806,0.5384090067299455
SCAFFOLD,0.75,best_accuracy,5,0.7525999999999999,0.7533,0.0017058722109231925,0.7506,0.7511,0.7533,0.7547,0.0021999999999999797,0.22666386007483294
SCAFFOLD,1.0,best_accuracy,5,0.7594800000000002,0.7599,0.0011691877522451409,0.7582,0.7583,0.7602,0.7608,0.0019000000000000128,0.15394582507046145
FedAvg,0.1,estimated_energy_kj,5,18.718293875,18.1770699375,2.8966979282923924,15.828620875,16.304601374999997,20.6369009375,22.644276249999997,4.332299562500001,15.475224118375436
FedAvg,0.25,estimated_energy_kj,5,48.38334962500001,42.6511278125,15.129206897431695,32.752183875,37.7877813125,61.5855629375,67.1400921875,23.797781625,31.26944912804121
FedAvg,0.5,estimated_energy_kj,5,84.37984487499999,81.714527875,26.80278241851311,55.3511851875,61.4517553125,109.9150356875,113.46672031249999,48.463280375,31.764436706678783
FedAvg,0.75,estimated_energy_kj,5,84.8833468375,83.69880106250001,5.873135971559547,78.0853805625,82.9154681875,85.55844181249999,94.15864256249999,2.642973624999996,6.919067391160991
FedAvg,1.0,estimated_energy_kj,5,104.8563232875,106.6020551875,6.865760826373768,96.3912796875,99.61542456250001,108.11064350000001,113.5622135,8.495218937499999,6.547779486363357
FedProx,0.1,estimated_energy_kj,5,26.46674615,26.335701687500002,3.0924201676642222,22.8167145625,24.1756266875,28.719473250000004,30.2862145625,4.543846562500004,11.684172093305177
FedProx,0.25,estimated_energy_kj,5,55.935710275000005,45.8000469375,20.740595345843207,43.5212664375,44.34230893750001,53.6872348125,92.32769425000001,9.344925874999994,37.07934563425584
FedProx,0.5,estimated_energy_kj,5,83.32141672499999,81.18043781249999,12.554021268647704,70.84768249999999,72.9291003125,90.846982125,100.802880875,17.9178818125,15.066980089983229
FedProx,0.75,estimated_energy_kj,5,94.10570324999999,95.1308800625,3.474019378309015,89.53143987499998,91.58627075,96.2626465,98.01727906250001,4.676375750000005,3.6916140662378134
FedProx,1.0,estimated_energy_kj,5,133.023089,129.3219743125,20.350608265945944,117.0704563125,119.50688774999999,131.50290043750002,167.7132261875,11.996012687500027,15.29855337064526
SCAFFOLD,0.1,estimated_energy_kj,5,19.421579562500003,19.4290704375,0.18669072375181597,19.180014562500002,19.3263715625,19.4920770625,19.680364187500004,0.1657055000000014,0.961254068707605
SCAFFOLD,0.25,estimated_energy_kj,5,36.411298362500006,35.525456125,2.382311477776705,34.379852625,34.831928187500004,37.04938425,40.269870625,2.2174560624999984,6.542780908439803
SCAFFOLD,0.5,estimated_energy_kj,5,60.0466216375,59.75183668750001,1.5954360028356096,58.857836875000004,59.00734975,59.8215859375,62.7944989375,0.8142361874999935,2.6569954467500567
SCAFFOLD,0.75,estimated_energy_kj,5,115.22123478750002,92.41552737500001,48.0068071777481,83.70956943750001,84.41699025,118.1980665625,197.3660203125,33.781076312500005,41.66489559523121
SCAFFOLD,1.0,estimated_energy_kj,5,132.5698341625,108.4742231875,37.69337187200671,102.2509771875,104.7641055625,169.80110062500003,177.55876425,65.03699506250003,28.43284229035343
FedAvg,0.1,execution_time_s,5,1485.3899999999999,1546.82,240.78835945701363,1199.88,1265.83,1704.79,1709.63,438.96000000000004,16.210447051415024
FedAvg,0.25,execution_time_s,5,3140.486,2840.18,759.415185870022,2240.81,2773.31,3775.01,4073.12,1001.7000000000003,24.181454267588585
FedAvg,0.5,execution_time_s,5,5261.932,5137.62,1484.2771249231055,3665.3,3962.91,6765.93,6777.9,2803.0200000000004,28.20783554259359
FedAvg,0.75,execution_time_s,5,5472.5160000000005,5373.79,286.40770639073247,5148.09,5335.11,5616.55,5889.04,281.4400000000005,5.233565445779098
FedAvg,1.0,execution_time_s,5,6764.004000000001,6762.51,412.947336569689,6307.99,6419.7,7034.23,7295.59,614.5299999999997,6.105072329491363
FedProx,0.1,execution_time_s,5,1815.8419999999999,1765.78,218.85724849773652,1573.02,1663.97,1974.36,2102.08,310.3899999999999,12.052659234544445
FedProx,0.25,execution_time_s,5,3525.45,2959.57,1149.4705550600243,2848.22,2886.19,3388.22,5545.05,502.02999999999975,32.60493142889629
FedProx,0.5,execution_time_s,5,5350.5160000000005,5395.59,584.5176897066503,4719.81,4861.02,5614.89,6161.27,753.8699999999999,10.924510639845769
FedProx,0.75,execution_time_s,5,6207.518000000001,6192.09,241.16863865353636,5994.88,6031.97,6215.77,6602.88,183.80000000000018,3.8851057484414273
FedProx,1.0,execution_time_s,5,8586.083999999999,8218.02,1093.0193311556754,7760.34,7868.58,8641.72,10441.76,773.1399999999994,12.730126226993303
SCAFFOLD,0.1,execution_time_s,5,1373.81,1375.56,7.728793566915857,1362.05,1372.13,1376.02,1383.29,3.8899999999998727,0.5625809658479599
SCAFFOLD,0.25,execution_time_s,5,2469.662,2384.23,204.1216719753196,2322.23,2354.22,2465.43,2822.2,111.21000000000004,8.265166325404836
SCAFFOLD,0.5,execution_time_s,5,4035.8720000000003,3948.15,197.01197176821512,3926.84,3934.53,3983.71,4386.13,49.179999999999836,4.881521806643399
SCAFFOLD,0.75,execution_time_s,5,7205.623999999999,5858.57,2589.0811759058465,5533.69,5550.8,7475.8,11609.26,1925.0,35.93139436509381
SCAFFOLD,1.0,execution_time_s,5,8517.778,7318.8,1884.019652822125,6938.3,7185.7,10426.17,10719.92,3240.4700000000003,22.118675232227524
