algorithm,join_ratio,rep,initial_accuracy_r0,final_accuracy_r50,best_accuracy_round_series,best_accuracy_round,normalized_aulc,gain_r0_to_r10,gain_r0_to_r20,mean_gain_per_round_r0_r10,absolute_threshold,first_round_absolute,sustained_round_absolute,accuracy_round_10,accuracy_round_20,accuracy_round_30,accuracy_round_40,accuracy_round_50,relative_threshold_90,first_round_relative_90,sustained_round_relative_90,relative_threshold_95,first_round_relative_95,sustained_round_relative_95,relative_threshold_99,first_round_relative_99,sustained_round_relative_99
FedAvg,0.1,rep1,0.0569,0.6687,0.6978,49,0.5394200000000001,0.4957,0.5938,0.049569999999999996,0.65,20.0,49.0,0.5526,0.6507,0.6174,0.6617,0.6687,0.62802,12.0,49.0,0.66291,49.0,49.0,0.6908219999999999,49.0,
FedAvg,0.1,rep2,0.0569,0.6047,0.6848,45,0.51985,0.3574,0.5498000000000001,0.03574,0.65,29.0,,0.4143,0.6067,0.5215,0.6334,0.6047,0.61632,21.0,,0.6505599999999999,29.0,,0.677952,29.0,
FedAvg,0.1,rep3,0.0569,0.6471,0.6968,47,0.5222340000000001,0.3408,0.5328,0.03408,0.65,22.0,,0.3977,0.5897,0.6215,0.6588,0.6471,0.62712,22.0,50.0,0.66196,22.0,,0.689832,27.0,
FedAvg,0.1,rep4,0.0569,0.6482,0.6899,45,0.5053670000000001,0.2984,0.44459999999999994,0.02984,0.65,26.0,,0.3553,0.5015,0.5227,0.5858,0.6482,0.62091,19.0,48.0,0.6554049999999999,32.0,,0.683001,45.0,
FedAvg,0.1,rep5,0.0569,0.6666,0.7035,41,0.5256210000000001,0.42819999999999997,0.4178,0.04282,0.65,34.0,50.0,0.4851,0.4747,0.5141,0.6231,0.6666,0.63315,24.0,50.0,0.668325,34.0,,0.696465,41.0,
FedAvg,0.25,rep1,0.0569,0.6697,0.7118,45,0.588,0.5088,0.5062000000000001,0.05088,0.65,19.0,49.0,0.5657,0.5631,0.6843,0.66,0.6697,0.64062,11.0,49.0,0.67621,26.0,,0.704682,39.0,
FedAvg,0.25,rep2,0.0569,0.6343,0.7054,41,0.5948840000000001,0.4014,0.6137,0.040139999999999995,0.65,16.0,,0.4583,0.6706,0.6415,0.6958,0.6343,0.6348600000000001,16.0,,0.67013,17.0,,0.698346,38.0,
FedAvg,0.25,rep3,0.0569,0.6629,0.7126,47,0.589962,0.4954,0.5990000000000001,0.04954,0.65,18.0,45.0,0.5523,0.6559,0.6571,0.5922,0.6629,0.64134,18.0,41.0,0.67697,18.0,,0.705474,41.0,
FedAvg,0.25,rep4,0.0569,0.6721,0.7155,48,0.580966,0.4076,0.549,0.040760000000000005,0.65,21.0,46.0,0.4645,0.6059,0.6393,0.693,0.6721,0.64395,15.0,46.0,0.679725,25.0,,0.708345,42.0,
FedAvg,0.25,rep5,0.0569,0.637,0.6993,43,0.591347,0.5208,0.5353,0.05208,0.65,15.0,,0.5777,0.5922,0.6318,0.6475,0.637,0.6293700000000001,15.0,37.0,0.664335,22.0,,0.692307,42.0,
FedAvg,0.5,rep1,0.0569,0.7134,0.7145,46,0.6140050000000001,0.5533,0.6183000000000001,0.055330000000000004,0.65,18.0,50.0,0.6102,0.6752,0.6585,0.7084,0.7134,0.64305,13.0,50.0,0.678775,26.0,50.0,0.7073550000000001,40.0,50.0
FedAvg,0.5,rep2,0.0569,0.6993,0.7135,46,0.6356539999999999,0.5797000000000001,0.5999000000000001,0.05797000000000001,0.65,13.0,16.0,0.6366,0.6568,0.6817,0.6993,0.6993,0.64215,13.0,16.0,0.677825,21.0,36.0,0.706365,39.0,
FedAvg,0.5,rep3,0.0569,0.7095,0.7146,49,0.6333580000000001,0.5153000000000001,0.6189,0.051530000000000006,0.65,18.0,31.0,0.5722,0.6758,0.6171,0.7067,0.7095,0.64314,16.0,31.0,0.67887,22.0,47.0,0.707454,41.0,49.0
FedAvg,0.5,rep4,0.0569,0.7147,0.7147,50,0.6351300000000001,0.5677000000000001,0.5914,0.05677000000000001,0.65,15.0,21.0,0.6246,0.6483,0.6882,0.6917,0.7147,0.64323,14.0,14.0,0.6789649999999999,21.0,36.0,0.707553,48.0,50.0
FedAvg,0.5,rep5,0.0569,0.6884,0.7152,43,0.634057,0.5808000000000001,0.6222000000000001,0.05808000000000001,0.65,18.0,23.0,0.6377,0.6791,0.6896,0.6877,0.6884,0.6436799999999999,18.0,18.0,0.6794399999999999,23.0,36.0,0.7080479999999999,43.0,
FedAvg,0.75,rep1,0.0569,0.7064,0.7141,44,0.650517,0.5736,0.626,0.05736,0.65,11.0,14.0,0.6305,0.6829,0.6905,0.7055,0.7064,0.64269,11.0,14.0,0.678395,19.0,26.0,0.706959,41.0,
FedAvg,0.75,rep2,0.0569,0.7142,0.7183,48,0.6505029999999999,0.5930000000000001,0.619,0.059300000000000005,0.65,12.0,14.0,0.6499,0.6759,0.7013,0.6999,0.7142,0.6464700000000001,10.0,10.0,0.682385,22.0,30.0,0.711117,45.0,47.0
FedAvg,0.75,rep3,0.0569,0.7035,0.7165,46,0.6480119999999999,0.5726,0.6253000000000001,0.05726,0.65,13.0,13.0,0.6295,0.6822,0.6953,0.7061,0.7035,0.64485,11.0,13.0,0.680675,19.0,44.0,0.709335,37.0,
FedAvg,0.75,rep4,0.0569,0.7134,0.7134,50,0.644715,0.5497000000000001,0.6276,0.054970000000000005,0.65,12.0,14.0,0.6066,0.6845,0.6973,0.6996,0.7134,0.6420600000000001,12.0,14.0,0.67773,20.0,29.0,0.7062660000000001,35.0,49.0
FedAvg,0.75,rep5,0.0569,0.7099,0.7154,45,0.645378,0.5768000000000001,0.6195,0.05768000000000001,0.65,13.0,22.0,0.6337,0.6764,0.6902,0.7112,0.7099,0.6438600000000001,13.0,22.0,0.67963,23.0,23.0,0.708246,39.0,50.0
FedAvg,1.0,rep1,0.0569,0.7155,0.7155,50,0.658468,0.5815,0.6245,0.05815,0.65,11.0,11.0,0.6384,0.6814,0.6988,0.7102,0.7155,0.64395,11.0,11.0,0.679725,20.0,20.0,0.708345,40.0,40.0
FedAvg,1.0,rep2,0.0569,0.7149,0.7149,50,0.6583060000000001,0.5797000000000001,0.6278,0.05797000000000001,0.65,12.0,12.0,0.6366,0.6847,0.6975,0.7089,0.7149,0.64341,11.0,11.0,0.679155,19.0,19.0,0.707751,39.0,39.0
FedAvg,1.0,rep3,0.0569,0.715,0.715,50,0.658301,0.5809000000000001,0.6257,0.05809000000000001,0.65,12.0,12.0,0.6378,0.6826,0.6986,0.7095,0.715,0.6435,11.0,11.0,0.6792499999999999,19.0,19.0,0.70785,38.0,38.0
FedAvg,1.0,rep4,0.0569,0.7141,0.7145,47,0.658188,0.5828000000000001,0.6268,0.05828000000000001,0.65,12.0,12.0,0.6397,0.6837,0.6979,0.7086,0.7141,0.64305,11.0,11.0,0.678775,19.0,19.0,0.7073550000000001,40.0,40.0
FedAvg,1.0,rep5,0.0569,0.7161,0.7161,49,0.6583559999999998,0.5805,0.6261000000000001,0.058050000000000004,0.65,12.0,12.0,0.6374,0.683,0.6991,0.709,0.7161,0.64449,11.0,11.0,0.680295,20.0,20.0,0.708939,40.0,40.0
FedProx,0.1,rep1,0.0569,0.456,0.6943,30,0.5095289999999999,0.37979999999999997,0.5412,0.03798,0.65,30.0,,0.4367,0.5981,0.6943,0.6602,0.456,0.62487,30.0,,0.659585,30.0,,0.687357,30.0,
FedProx,0.1,rep2,0.0569,0.6598,0.6963,33,0.5403330000000001,0.4261,0.5565,0.042609999999999995,0.65,23.0,50.0,0.483,0.6134,0.6538,0.6769,0.6598,0.6266700000000001,23.0,50.0,0.661485,29.0,,0.689337,33.0,
FedProx,0.1,rep3,0.0569,0.5607,0.7018,45,0.5060959999999999,0.5765,0.4165,0.05765,0.65,33.0,,0.6334,0.4734,0.5502,0.6507,0.5607,0.63162,10.0,,0.6667099999999999,45.0,,0.694782,45.0,
FedProx,0.1,rep4,0.0569,0.709,0.709,50,0.530775,0.4743,0.47069999999999995,0.04743,0.65,28.0,50.0,0.5312,0.5276,0.6118,0.5943,0.709,0.6381,25.0,50.0,0.67355,31.0,50.0,0.7019099999999999,50.0,50.0
FedProx,0.1,rep5,0.0569,0.6865,0.692,43,0.526542,0.3573,0.5533,0.03573,0.65,24.0,50.0,0.4142,0.6102,0.5787,0.6539,0.6865,0.6228,24.0,50.0,0.6573999999999999,24.0,50.0,0.6850799999999999,43.0,50.0
FedProx,0.25,rep1,0.0569,0.6528,0.7129,48,0.587265,0.45459999999999995,0.5526000000000001,0.045459999999999993,0.65,18.0,50.0,0.5115,0.6095,0.6456,0.6447,0.6528,0.64161,18.0,50.0,0.6772549999999999,29.0,,0.7057709999999999,45.0,
FedProx,0.25,rep2,0.0569,0.6987,0.7031,40,0.579252,0.4701,0.5225000000000001,0.04701,0.65,18.0,50.0,0.527,0.5794,0.6706,0.7031,0.6987,0.63279,18.0,50.0,0.6679449999999999,22.0,50.0,0.6960689999999999,31.0,50.0
FedProx,0.25,rep3,0.0569,0.6431,0.7054,37,0.585618,0.3344,0.5107,0.03344,0.65,15.0,,0.3913,0.5676,0.6372,0.7019,0.6431,0.6348600000000001,11.0,50.0,0.67013,33.0,,0.698346,37.0,
FedProx,0.25,rep4,0.0569,0.7061,0.7061,50,0.594482,0.52,0.5988,0.052000000000000005,0.65,17.0,46.0,0.5769,0.6557,0.6175,0.6987,0.7061,0.63549,14.0,46.0,0.6707949999999999,24.0,46.0,0.699039,37.0,50.0
FedProx,0.25,rep5,0.0569,0.6854,0.7046,47,0.584857,0.3741,0.5223000000000001,0.03741,0.65,12.0,47.0,0.431,0.5792,0.6778,0.6775,0.6854,0.63414,12.0,46.0,0.66937,24.0,47.0,0.697554,47.0,
FedProx,0.5,rep1,0.0569,0.7089,0.7093,46,0.624958,0.5804,0.6223000000000001,0.05804,0.65,16.0,25.0,0.6373,0.6792,0.6983,0.6943,0.7089,0.6383700000000001,11.0,25.0,0.673835,20.0,35.0,0.702207,43.0,50.0
FedProx,0.5,rep2,0.0569,0.7038,0.7109,49,0.6321030000000001,0.5877,0.6224000000000001,0.05877,0.65,17.0,25.0,0.6446,0.6793,0.6639,0.7038,0.7038,0.63981,10.0,24.0,0.6753549999999999,20.0,49.0,0.7037909999999999,40.0,49.0
FedProx,0.5,rep3,0.0569,0.6686,0.7134,44,0.6245149999999999,0.4372,0.6075,0.043719999999999995,0.65,13.0,35.0,0.4941,0.6644,0.6948,0.7003,0.6686,0.6420600000000001,11.0,35.0,0.67773,22.0,,0.7062660000000001,44.0,
FedProx,0.5,rep4,0.0569,0.6531,0.7119,39,0.6348699999999999,0.5656000000000001,0.6159,0.05656000000000001,0.65,16.0,20.0,0.6225,0.6728,0.6938,0.7076,0.6531,0.64071,15.0,18.0,0.6763049999999999,21.0,,0.704781,37.0,
FedProx,0.5,rep5,0.0569,0.7163,0.7163,50,0.63137,0.47990000000000005,0.6265000000000001,0.047990000000000005,0.65,13.0,39.0,0.5368,0.6834,0.6277,0.6731,0.7163,0.6446700000000001,13.0,39.0,0.680485,18.0,50.0,0.709137,48.0,50.0
FedProx,0.75,rep1,0.0569,0.6981,0.7169,49,0.650162,0.5705,0.6217,0.057050000000000003,0.65,14.0,14.0,0.6274,0.6786,0.7024,0.7039,0.6981,0.64521,14.0,14.0,0.681055,22.0,22.0,0.709731,43.0,
FedProx,0.75,rep2,0.0569,0.7131,0.7159,48,0.647988,0.5702,0.6262000000000001,0.05702,0.65,12.0,12.0,0.6271,0.6831,0.6895,0.7104,0.7131,0.64431,11.0,11.0,0.680105,19.0,22.0,0.708741,40.0,48.0
FedProx,0.75,rep3,0.0569,0.7178,0.7178,50,0.653249,0.5818000000000001,0.62,0.05818000000000001,0.65,13.0,13.0,0.6387,0.6769,0.6995,0.7045,0.7178,0.64602,12.0,12.0,0.68191,23.0,25.0,0.710622,47.0,50.0
FedProx,0.75,rep4,0.0569,0.7125,0.7125,50,0.6426919999999999,0.5563,0.6242000000000001,0.05563,0.65,12.0,14.0,0.6132,0.6811,0.7015,0.6982,0.7125,0.64125,12.0,12.0,0.676875,20.0,34.0,0.705375,38.0,50.0
FedProx,0.75,rep5,0.0569,0.7059,0.7119,49,0.646446,0.5688000000000001,0.6246,0.05688000000000001,0.65,12.0,12.0,0.6257,0.6815,0.7017,0.7025,0.7059,0.64071,11.0,11.0,0.6763049999999999,20.0,38.0,0.704781,34.0,47.0
FedProx,1.0,rep1,0.0569,0.7161,0.7161,50,0.657808,0.5800000000000001,0.6258,0.05800000000000001,0.65,12.0,12.0,0.6369,0.6827,0.6978,0.7083,0.7161,0.64449,12.0,12.0,0.680295,19.0,19.0,0.708939,41.0,41.0
FedProx,1.0,rep2,0.0569,0.7146,0.715,48,0.6585770000000001,0.5852,0.6242000000000001,0.05852,0.65,12.0,12.0,0.6421,0.6811,0.6981,0.7089,0.7146,0.6435,11.0,11.0,0.6792499999999999,19.0,19.0,0.70785,40.0,40.0
FedProx,1.0,rep3,0.0569,0.7155,0.7155,50,0.65911,0.5844,0.6255000000000001,0.058440000000000006,0.65,12.0,12.0,0.6413,0.6824,0.6987,0.7097,0.7155,0.64395,11.0,11.0,0.679725,19.0,19.0,0.708345,39.0,39.0
FedProx,1.0,rep4,0.0569,0.7148,0.7148,50,0.6582009999999999,0.5781000000000001,0.6267,0.05781000000000001,0.65,12.0,12.0,0.635,0.6836,0.6981,0.7084,0.7148,0.64332,11.0,11.0,0.67906,19.0,19.0,0.707652,39.0,39.0
FedProx,1.0,rep5,0.0569,0.7157,0.717,49,0.6583399999999999,0.5810000000000001,0.627,0.058100000000000006,0.65,12.0,12.0,0.6379,0.6839,0.6979,0.7093,0.7157,0.6453,11.0,11.0,0.6811499999999999,20.0,20.0,0.70983,41.0,41.0
SCAFFOLD,0.1,rep1,0.0569,0.742,0.742,50,0.5937870000000001,0.5236000000000001,0.5374000000000001,0.052360000000000004,0.65,19.0,46.0,0.5805,0.5943,0.6839,0.6921,0.742,0.6678000000000001,19.0,50.0,0.7049,32.0,50.0,0.73458,50.0,50.0
SCAFFOLD,0.1,rep2,0.0569,0.6861,0.7337,49,0.59775,0.5905,0.5674,0.059050000000000005,0.65,22.0,46.0,0.6474,0.6243,0.6796,0.6785,0.6861,0.6603300000000001,22.0,46.0,0.6970149999999999,29.0,,0.726363,49.0,
SCAFFOLD,0.1,rep3,0.0569,0.6984,0.7383,39,0.575365,0.3701,0.6263000000000001,0.03701,0.65,11.0,48.0,0.427,0.6832,0.6065,0.6241,0.6984,0.66447,19.0,48.0,0.7013849999999999,31.0,,0.7309169999999999,39.0,
SCAFFOLD,0.1,rep4,0.0569,0.7243,0.7293,43,0.5901519999999999,0.5924,0.5521,0.05924,0.65,17.0,48.0,0.6493,0.609,0.6053,0.6727,0.7243,0.65637,19.0,48.0,0.6928349999999999,34.0,49.0,0.722007,43.0,49.0
SCAFFOLD,0.1,rep5,0.0569,0.6705,0.7265,39,0.593464,0.5426000000000001,0.5954,0.05426000000000001,0.65,13.0,49.0,0.5995,0.6523,0.5733,0.72,0.6705,0.65385,13.0,49.0,0.690175,22.0,,0.7192350000000001,39.0,
SCAFFOLD,0.25,rep1,0.0569,0.7297,0.7329,38,0.65101,0.5904,0.6436000000000001,0.05904,0.65,12.0,29.0,0.6473,0.7005,0.6876,0.6996,0.7297,0.65961,12.0,29.0,0.696255,18.0,38.0,0.725571,33.0,50.0
SCAFFOLD,0.25,rep2,0.0569,0.7373,0.7373,50,0.6498559999999999,0.5856,0.6337,0.05856,0.65,11.0,36.0,0.6425,0.6906,0.7138,0.7334,0.7373,0.66357,11.0,36.0,0.7004349999999999,22.0,46.0,0.729927,39.0,49.0
SCAFFOLD,0.25,rep3,0.0569,0.724,0.7378,44,0.6544369999999999,0.5936,0.6294000000000001,0.05936,0.65,9.0,9.0,0.6505,0.6863,0.7044,0.7304,0.724,0.66402,11.0,17.0,0.70091,17.0,49.0,0.730422,35.0,
SCAFFOLD,0.25,rep4,0.0569,0.7381,0.743,36,0.6642960000000001,0.6090000000000001,0.6140000000000001,0.06090000000000001,0.65,10.0,10.0,0.6659,0.6709,0.7219,0.7269,0.7381,0.6687,11.0,30.0,0.70585,23.0,47.0,0.73557,35.0,50.0
SCAFFOLD,0.25,rep5,0.0569,0.7201,0.7452,48,0.657694,0.5585,0.6417,0.05585,0.65,11.0,20.0,0.6154,0.6986,0.7234,0.7065,0.7201,0.6706799999999999,11.0,29.0,0.7079399999999999,26.0,47.0,0.737748,48.0,
SCAFFOLD,0.5,rep1,0.0569,0.749,0.749,50,0.685051,0.6248,0.6594000000000001,0.06248,0.65,7.0,7.0,0.6817,0.7163,0.7403,0.723,0.749,0.6741,10.0,10.0,0.71155,18.0,39.0,0.74151,43.0,50.0
SCAFFOLD,0.5,rep2,0.0569,0.7348,0.7422,46,0.680575,0.6224000000000001,0.6585000000000001,0.062240000000000004,0.65,7.0,7.0,0.6793,0.7154,0.7134,0.7377,0.7348,0.66798,9.0,9.0,0.70509,17.0,22.0,0.7347779999999999,40.0,50.0
SCAFFOLD,0.5,rep3,0.0569,0.7289,0.7383,48,0.675486,0.6185,0.6594000000000001,0.06185,0.65,8.0,8.0,0.6754,0.7163,0.7267,0.7168,0.7289,0.66447,9.0,9.0,0.7013849999999999,13.0,39.0,0.7309169999999999,34.0,
SCAFFOLD,0.5,rep4,0.0569,0.7309,0.7451,48,0.6810180000000001,0.6302000000000001,0.6659,0.06302,0.65,8.0,8.0,0.6871,0.7228,0.7185,0.7177,0.7309,0.67059,9.0,9.0,0.707845,15.0,18.0,0.737649,42.0,
SCAFFOLD,0.5,rep5,0.0569,0.6987,0.7455,41,0.678256,0.626,0.6568,0.0626,0.65,8.0,8.0,0.6829,0.7137,0.7395,0.7362,0.6987,0.67095,9.0,9.0,0.708225,15.0,,0.7380450000000001,29.0,
SCAFFOLD,0.75,rep1,0.0569,0.7239,0.7506,43,0.696276,0.6388,0.6775000000000001,0.06388,0.65,6.0,6.0,0.6957,0.7344,0.731,0.7417,0.7239,0.67554,8.0,8.0,0.71307,16.0,27.0,0.743094,41.0,
SCAFFOLD,0.75,rep2,0.0569,0.7479,0.7547,46,0.6914959999999999,0.6417,0.6766000000000001,0.06417,0.65,6.0,6.0,0.6986,0.7335,0.7374,0.7447,0.7479,0.67923,9.0,9.0,0.716965,16.0,18.0,0.7471530000000001,45.0,50.0
SCAFFOLD,0.75,rep3,0.0569,0.7349,0.7511,42,0.694304,0.6382000000000001,0.6625000000000001,0.06382000000000002,0.65,7.0,7.0,0.6951,0.7194,0.7219,0.7499,0.7349,0.67599,8.0,8.0,0.713545,18.0,18.0,0.7435889999999999,38.0,
SCAFFOLD,0.75,rep4,0.0569,0.7417,0.7533,44,0.6918919999999998,0.6364000000000001,0.6649,0.06364,0.65,7.0,7.0,0.6933,0.7218,0.7303,0.7411,0.7417,0.67797,9.0,9.0,0.7156349999999999,16.0,18.0,0.745767,43.0,
SCAFFOLD,0.75,rep5,0.0569,0.7361,0.7533,44,0.6919980000000001,0.6355000000000001,0.6709,0.06355000000000001,0.65,7.0,7.0,0.6924,0.7278,0.7359,0.7455,0.7361,0.67797,8.0,8.0,0.7156349999999999,14.0,49.0,0.745767,43.0,
SCAFFOLD,1.0,rep1,0.0569,0.7597,0.7599,48,0.7015980000000002,0.6429,0.6692,0.06429,0.65,6.0,6.0,0.6998,0.7261,0.7463,0.7514,0.7597,0.68391,8.0,8.0,0.721905,19.0,19.0,0.752301,41.0,46.0
SCAFFOLD,1.0,rep2,0.0569,0.7488,0.7608,44,0.7028570000000001,0.6438,0.6721,0.06438,0.65,6.0,6.0,0.7007,0.729,0.7424,0.7509,0.7488,0.68472,8.0,8.0,0.72276,19.0,19.0,0.753192,42.0,
SCAFFOLD,1.0,rep3,0.0569,0.7512,0.7582,43,0.7030270000000001,0.6442,0.6703,0.06442,0.65,6.0,6.0,0.7011,0.7272,0.7448,0.7555,0.7512,0.68238,8.0,8.0,0.72029,18.0,18.0,0.750618,37.0,37.0
SCAFFOLD,1.0,rep4,0.0569,0.7458,0.7583,39,0.702143,0.6425000000000001,0.6704,0.06425,0.65,6.0,6.0,0.6994,0.7273,0.7476,0.7545,0.7458,0.68247,8.0,8.0,0.7203849999999999,18.0,18.0,0.750717,37.0,
SCAFFOLD,1.0,rep5,0.0569,0.7559,0.7602,40,0.7025960000000001,0.6445000000000001,0.6731,0.06445000000000001,0.65,6.0,6.0,0.7014,0.73,0.7457,0.7602,0.7559,0.68418,8.0,8.0,0.72219,19.0,19.0,0.752598,38.0,49.0
