algorithm,join_ratio,round,n,accuracy_mean,accuracy_median,accuracy_std,accuracy_q1,accuracy_q3,train_loss_mean,train_loss_std
FedAvg,0.1,0,5,0.05689999999999999,0.0569,0.0,0.0569,0.0569,2.3126,0.0
FedAvg,0.1,1,5,0.18788,0.1918,0.011013945705331941,0.1775,0.1974,2.64842,0.29642425170690745
FedAvg,0.1,2,5,0.25184,0.2474,0.03494693119574307,0.2309,0.2499,2.20364,0.2505044370864516
FedAvg,0.1,3,5,0.3055,0.2919,0.08243555058347095,0.2891,0.3259,2.10408,0.5378038276174687
FedAvg,0.1,4,5,0.386,0.3186,0.1126931896788799,0.3057,0.4917,1.8324200000000002,0.3381829637932698
FedAvg,0.1,5,5,0.35287999999999997,0.3525,0.11227774490075938,0.2853,0.3775,1.8406599999999997,0.2527077818350673
FedAvg,0.1,6,5,0.35406,0.3309,0.13232189161283933,0.236,0.4247,1.89186,0.5300793553799281
FedAvg,0.1,7,5,0.36706,0.3689,0.07983509879745876,0.3313,0.4126,1.8020400000000003,0.26342325827458757
FedAvg,0.1,8,5,0.42919999999999997,0.4276,0.08825939043523921,0.3726,0.5014,1.5322200000000001,0.22885210726580607
FedAvg,0.1,9,5,0.45204000000000005,0.4167,0.10642336679507937,0.4088,0.5094,1.47608,0.38084734080731086
FedAvg,0.1,10,5,0.441,0.4143,0.07799301250753171,0.3977,0.4851,1.51206,0.2876456378949626
FedAvg,0.1,11,5,0.49856,0.5186,0.0560558917510015,0.4829,0.5322,1.2730599999999999,0.10863637972613037
FedAvg,0.1,12,5,0.48148,0.4893,0.11388023094462009,0.4322,0.5025,1.4494799999999999,0.31527435988357816
FedAvg,0.1,13,5,0.46104,0.474,0.0747870510182077,0.4204,0.4791,1.49126,0.3169467825992243
FedAvg,0.1,14,5,0.5660000000000001,0.5883,0.053296763503987786,0.517,0.5902,1.13266,0.09194774603001417
FedAvg,0.1,15,5,0.5396000000000001,0.5399,0.05693715834145573,0.5319,0.5527,1.1951800000000001,0.1904532278539799
FedAvg,0.1,16,5,0.51956,0.4991,0.03353778466148291,0.4983,0.5456,1.3355000000000001,0.21998011273749268
FedAvg,0.1,17,5,0.51196,0.5326,0.06824245745868182,0.4946,0.5622,1.32554,0.21929854764680962
FedAvg,0.1,18,5,0.57204,0.5689,0.031391925713469715,0.5684,0.5855,1.1502,0.15951208418173204
FedAvg,0.1,19,5,0.5522199999999999,0.5422,0.05547911318685621,0.5313,0.5538,1.14406,0.13007506678837413
FedAvg,0.1,20,5,0.5646599999999999,0.5897,0.07395815032841213,0.5015,0.6067,1.1125399999999999,0.1427172659491486
FedAvg,0.1,21,5,0.54196,0.5343,0.057697816249837365,0.5299,0.5435,1.20534,0.15700887872983488
FedAvg,0.1,22,5,0.56656,0.573,0.08132974855487997,0.5221,0.6137,1.27646,0.37927966990072115
FedAvg,0.1,23,5,0.5482400000000001,0.5504,0.04382234589795486,0.5061,0.5759,1.24776,0.1878816728688565
FedAvg,0.1,24,5,0.55092,0.5713,0.08446976974042249,0.5165,0.5918,1.2473,0.3184821423565221
FedAvg,0.1,25,5,0.5368999999999999,0.5666,0.07113578564969958,0.5135,0.5672,1.30322,0.3348101805501142
FedAvg,0.1,26,5,0.5617,0.5903,0.08177698331437765,0.5059,0.6095,1.23984,0.29214063051893346
FedAvg,0.1,27,5,0.5762,0.5575,0.06770443116960662,0.5381,0.5746,1.1301,0.17404418979098385
FedAvg,0.1,28,5,0.58314,0.6072,0.06603224969664444,0.5162,0.6262,1.12556,0.15037176596688615
FedAvg,0.1,29,5,0.58472,0.5865,0.06989103662130074,0.5716,0.6019,1.13192,0.28023498532481633
FedAvg,0.1,30,5,0.55944,0.5227,0.05489943533407245,0.5215,0.6174,1.1494399999999998,0.20949458942893964
FedAvg,0.1,31,5,0.57466,0.607,0.076498254882056,0.5079,0.6318,1.1818199999999999,0.25355379508104386
FedAvg,0.1,32,5,0.60874,0.5973,0.036885945833067604,0.593,0.6137,1.02904,0.08043660858091921
FedAvg,0.1,33,5,0.5856600000000001,0.5782,0.03351049089464369,0.5699,0.6,1.07054,0.0827352282888009
FedAvg,0.1,34,5,0.55846,0.5299,0.07120834220791827,0.5265,0.5675,1.21442,0.22849092323328732
FedAvg,0.1,35,5,0.6057,0.619,0.039886087800134015,0.5778,0.6282,1.00814,0.09723020621185577
FedAvg,0.1,36,5,0.5769,0.5676,0.04157817937332033,0.5623,0.5686,1.08368,0.1923426031850458
FedAvg,0.1,37,5,0.59738,0.5966,0.04617847983639136,0.5959,0.6166,1.1469799999999999,0.18644377704820286
FedAvg,0.1,38,5,0.5547,0.5543,0.048556976841644534,0.5257,0.5907,1.24452,0.2576475926532208
FedAvg,0.1,39,5,0.5304399999999999,0.5365,0.06470241881104596,0.5066,0.5737,1.3465799999999999,0.2736373366337277
FedAvg,0.1,40,5,0.63256,0.6334,0.03088030116433452,0.6231,0.6588,0.9481999999999999,0.08518371323204925
FedAvg,0.1,41,5,0.61548,0.6305,0.07962199444877026,0.6093,0.6466,1.0932,0.320096118376965
FedAvg,0.1,42,5,0.5922,0.6168,0.09826329426596687,0.493,0.6827,1.1594000000000002,0.3507957739198122
FedAvg,0.1,43,5,0.63418,0.6525,0.046084672072176015,0.6207,0.6554,1.00306,0.15331090306954692
FedAvg,0.1,44,5,0.63544,0.6438,0.026166161353931957,0.6383,0.6443,0.96864,0.0661909963665754
FedAvg,0.1,45,5,0.59878,0.5559,0.08316109066143854,0.5552,0.6848,1.05946,0.2128437408053147
FedAvg,0.1,46,5,0.62248,0.6337,0.048713109118593535,0.6185,0.6544,0.98838,0.09054748478008649
FedAvg,0.1,47,5,0.62314,0.6103,0.06745697147070864,0.6096,0.6747,0.9800000000000001,0.16417140433096133
FedAvg,0.1,48,5,0.5987,0.6173,0.04044347907883296,0.5866,0.6175,1.1375600000000001,0.13702426062562795
FedAvg,0.1,49,5,0.62298,0.6123,0.05492364700199725,0.5805,0.6586,0.9484199999999999,0.13530320395319545
FedAvg,0.1,50,5,0.64706,0.6482,0.02571853417284897,0.6471,0.6666,0.97814,0.05015498978167575
FedAvg,0.25,0,5,0.05689999999999999,0.0569,0.0,0.0569,0.0569,2.3126,0.0
FedAvg,0.25,1,5,0.17104,0.18,0.017415452908265114,0.1703,0.1817,2.3221,0.21531342271210108
FedAvg,0.25,2,5,0.30334,0.3116,0.07082113385141471,0.2554,0.3655,1.9142800000000002,0.044622494327413
FedAvg,0.25,3,5,0.32464,0.3166,0.06521750531874092,0.2846,0.3255,1.7899,0.17570163630427565
FedAvg,0.25,4,5,0.35284,0.3478,0.03980770026012555,0.3178,0.3774,1.63034,0.09284055148479033
FedAvg,0.25,5,5,0.51104,0.5255,0.09222403699686975,0.5098,0.5656,1.3560599999999998,0.08768040259944063
FedAvg,0.25,6,5,0.5107999999999999,0.513,0.02644702251672201,0.5002,0.5263,1.3249400000000002,0.09814174952587705
FedAvg,0.25,7,5,0.51764,0.5271,0.04147520946300332,0.479,0.5378,1.25014,0.07236727851729677
FedAvg,0.25,8,5,0.46834,0.4717,0.05228296089549632,0.4419,0.4991,1.30498,0.07712808826880134
FedAvg,0.25,9,5,0.4718,0.4915,0.04600228255206475,0.4417,0.5051,1.29986,0.16174885780122225
FedAvg,0.25,10,5,0.5237,0.5523,0.05761892050359847,0.4645,0.5657,1.18378,0.07749446431842733
FedAvg,0.25,11,5,0.56502,0.5937,0.09336429724471768,0.5419,0.6315,1.1705999999999999,0.1554737116042452
FedAvg,0.25,12,5,0.57304,0.5518,0.041951197837487346,0.5478,0.5921,1.13636,0.07654601883834332
FedAvg,0.25,13,5,0.5911,0.5902,0.05010843242409404,0.5806,0.6267,1.0647,0.08859043402083548
FedAvg,0.25,14,5,0.56418,0.5618,0.04599936956089725,0.5577,0.584,1.06838,0.06582406095038508
FedAvg,0.25,15,5,0.59946,0.6282,0.06887371051424483,0.5828,0.6446,1.0669799999999998,0.10442632330978621
FedAvg,0.25,16,5,0.61466,0.6349,0.058916916076794106,0.6274,0.6441,1.05254,0.0867221309701278
FedAvg,0.25,17,5,0.6199,0.6139,0.043461994892089316,0.5976,0.6479,1.02202,0.0734202764908986
FedAvg,0.25,18,5,0.62868,0.624,0.04866741209474776,0.5887,0.674,0.99652,0.0740323712979667
FedAvg,0.25,19,5,0.63898,0.6435,0.03475179132073623,0.6346,0.6645,0.9635400000000001,0.05300766925643876
FedAvg,0.25,20,5,0.61754,0.6059,0.04480003348213033,0.5922,0.6559,1.01412,0.11584656663017683
FedAvg,0.25,21,5,0.63396,0.6621,0.05522316542901177,0.6201,0.6686,1.00868,0.14375591118281003
FedAvg,0.25,22,5,0.61358,0.6221,0.05330147277514948,0.5771,0.64,1.0219,0.116934832278496
FedAvg,0.25,23,5,0.64876,0.6453,0.017574356318226847,0.6343,0.6655,0.9593,0.06070700124367865
FedAvg,0.25,24,5,0.63982,0.6513,0.040117165901892925,0.6419,0.659,0.9315599999999999,0.05745722756973219
FedAvg,0.25,25,5,0.67836,0.6899,0.024444590403604576,0.6847,0.6905,0.88338,0.01964756982428106
FedAvg,0.25,26,5,0.65672,0.6391,0.02700957237721468,0.6384,0.6721,0.9280000000000002,0.07692879824877032
FedAvg,0.25,27,5,0.61268,0.6141,0.037477619988467804,0.5979,0.6237,1.00142,0.07887044440092883
FedAvg,0.25,28,5,0.6251599999999999,0.6273,0.017062180399937166,0.6222,0.6289,0.96858,0.0540383845058307
FedAvg,0.25,29,5,0.64508,0.6426,0.02540122044312047,0.6405,0.6429,0.9489000000000001,0.06314764445329692
FedAvg,0.25,30,5,0.6508,0.6415,0.0208667199147351,0.6393,0.6571,0.8973000000000001,0.03945896602801442
FedAvg,0.25,31,5,0.64878,0.6495,0.021948963529059864,0.649,0.6533,0.92104,0.04118334614865574
FedAvg,0.25,32,5,0.63562,0.6325,0.03548199543430439,0.6059,0.6555,0.96356,0.11867102847788928
FedAvg,0.25,33,5,0.6483000000000001,0.6676,0.05836077449794514,0.6582,0.675,0.9125399999999999,0.11012453405122771
FedAvg,0.25,34,5,0.6802400000000001,0.6925,0.03285396475313139,0.6904,0.6981,0.85854,0.08265072897440164
FedAvg,0.25,35,5,0.65298,0.6852,0.05667421812429352,0.6303,0.6903,0.9682600000000001,0.23472445121887062
FedAvg,0.25,36,5,0.64424,0.6602,0.02979417728348952,0.6466,0.6611,0.8901199999999999,0.05097417973837339
FedAvg,0.25,37,5,0.67126,0.6851,0.03388278323868926,0.6709,0.6923,0.87004,0.04728607617470494
FedAvg,0.25,38,5,0.6590199999999999,0.6495,0.045111550627306096,0.6455,0.7025,0.8504400000000001,0.06302973901262796
FedAvg,0.25,39,5,0.6745599999999999,0.6777,0.028598653814471738,0.6754,0.683,0.85024,0.04240887878734829
FedAvg,0.25,40,5,0.6577,0.66,0.04212267797754554,0.6475,0.693,0.89868,0.09696771112076431
FedAvg,0.25,41,5,0.65944,0.6703,0.05788387512943477,0.6502,0.7054,0.89178,0.14059762444650337
FedAvg,0.25,42,5,0.6674,0.6782,0.05359081077946106,0.6743,0.6975,0.8848600000000001,0.10139039895374707
FedAvg,0.25,43,5,0.65396,0.6486,0.048591285226879964,0.6304,0.6993,0.88052,0.06927905166787435
FedAvg,0.25,44,5,0.62846,0.6446,0.04455539249069636,0.6227,0.6502,0.9240600000000001,0.09762780341685458
FedAvg,0.25,45,5,0.6570199999999999,0.6836,0.05272155157049155,0.601,0.6888,0.9026400000000001,0.1233973581564857
FedAvg,0.25,46,5,0.6844,0.6823,0.01465469208137791,0.6801,0.6886,0.84084,0.04556602901285119
FedAvg,0.25,47,5,0.67544,0.6867,0.0399593293237011,0.6565,0.7059,0.8390000000000001,0.06805475736493369
FedAvg,0.25,48,5,0.6401800000000001,0.6417,0.06636303187769528,0.6319,0.6749,0.92476,0.1149767933106503
FedAvg,0.25,49,5,0.68388,0.6861,0.009159803491341965,0.6845,0.6874,0.8366,0.045449257419676314
FedAvg,0.25,50,5,0.6552,0.6629,0.018187908071023454,0.637,0.6697,0.8885799999999999,0.045411364216460214
FedAvg,0.5,0,5,0.05689999999999999,0.0569,0.0,0.0569,0.0569,2.3126,0.0
FedAvg,0.5,1,5,0.18546,0.1945,0.028677133747988137,0.177,0.2038,2.19074,0.04453911763831869
FedAvg,0.5,2,5,0.39014,0.4063,0.025692080491855857,0.3638,0.4074,1.84968,0.01524621264445693
FedAvg,0.5,3,5,0.40940000000000004,0.4192,0.0537754125972084,0.3742,0.4399,1.62118,0.05467144592929656
FedAvg,0.5,4,5,0.50152,0.499,0.02649107396841432,0.4788,0.5173,1.41598,0.04206408206534396
FedAvg,0.5,5,5,0.4979,0.5047,0.051372414776804105,0.4656,0.5155,1.3369399999999998,0.08110165226430345
FedAvg,0.5,6,5,0.5875,0.5941,0.027825258309672536,0.5599,0.6058,1.2191199999999998,0.027892776842759894
FedAvg,0.5,7,5,0.5204,0.5161,0.033591070241955685,0.5054,0.5321,1.21108,0.040823608365748436
FedAvg,0.5,8,5,0.58452,0.5789,0.02692251845574625,0.5725,0.6069,1.1395,0.026045633031278027
FedAvg,0.5,9,5,0.61044,0.6179,0.018715715321622126,0.5993,0.6205,1.08396,0.015769686109748673
FedAvg,0.5,10,5,0.61626,0.6246,0.027022916200884015,0.6102,0.6366,1.06078,0.02144893936771701
FedAvg,0.5,11,5,0.60446,0.6071,0.03142615153021441,0.5966,0.6307,1.0663,0.03167514798702606
FedAvg,0.5,12,5,0.588,0.5823,0.01787400346872522,0.5777,0.5927,1.07416,0.03532319351361089
FedAvg,0.5,13,5,0.6230800000000001,0.6269,0.03634930535787449,0.6209,0.6445,1.01464,0.028391688924754032
FedAvg,0.5,14,5,0.6229,0.6356,0.034473685616713524,0.6235,0.6452,1.01146,0.03141326153076114
FedAvg,0.5,15,5,0.62456,0.6268,0.02885208831263345,0.6188,0.6431,1.0084199999999999,0.03795993940985679
FedAvg,0.5,16,5,0.6362,0.6482,0.03225623970645058,0.6191,0.6581,0.97852,0.02861777419716633
FedAvg,0.5,17,5,0.63942,0.6344,0.025636828977079033,0.6156,0.6637,0.9506599999999998,0.013301616443124517
FedAvg,0.5,18,5,0.66448,0.6661,0.006971513465525229,0.6624,0.6673,0.92648,0.009255646924985872
FedAvg,0.5,19,5,0.64304,0.6526,0.026989034810455902,0.6471,0.6565,0.95852,0.03053018178786362
FedAvg,0.5,20,5,0.66704,0.6752,0.01364562200854179,0.6568,0.6758,0.9187799999999999,0.04000958635127336
FedAvg,0.5,21,5,0.66132,0.6781,0.03251902520064216,0.6561,0.6792,0.92174,0.047733143621596905
FedAvg,0.5,22,5,0.6683399999999999,0.6727,0.015070268743456393,0.6653,0.6779,0.9247,0.04060868133786172
FedAvg,0.5,23,5,0.67766,0.6847,0.013831955754700758,0.6722,0.6867,0.8826600000000001,0.02417949544552158
FedAvg,0.5,24,5,0.6741400000000001,0.6854,0.019523908420190823,0.6631,0.6886,0.87856,0.041703153357989575
FedAvg,0.5,25,5,0.6734,0.6677,0.017496999742813057,0.667,0.6892,0.89502,0.04722104403758985
FedAvg,0.5,26,5,0.67584,0.6774,0.010560445066378566,0.6694,0.6845,0.86926,0.0184664019234934
FedAvg,0.5,27,5,0.68266,0.6814,0.006483286203770421,0.6784,0.6893,0.8624599999999999,0.021684164729128954
FedAvg,0.5,28,5,0.68928,0.6872,0.005503816857418109,0.6862,0.689,0.8446400000000001,0.010445238149511031
FedAvg,0.5,29,5,0.6824,0.6863,0.00856825536500869,0.6774,0.6886,0.85588,0.0119512342458844
FedAvg,0.5,30,5,0.66702,0.6817,0.03057183344191184,0.6585,0.6882,0.8729800000000001,0.0378053832145635
FedAvg,0.5,31,5,0.68442,0.6879,0.012175672466028294,0.6867,0.6886,0.8425,0.02903239569859848
FedAvg,0.5,32,5,0.68912,0.6885,0.009943691467458176,0.6884,0.6942,0.8257,0.012346456981660781
FedAvg,0.5,33,5,0.6848,0.6947,0.029852638074381318,0.6923,0.7002,0.85566,0.06959125663472389
FedAvg,0.5,34,5,0.69262,0.6982,0.00991423219417421,0.6881,0.6992,0.8175000000000001,0.010670988707706502
FedAvg,0.5,35,5,0.6696799999999999,0.6773,0.021753551434191207,0.6536,0.678,0.84282,0.02404011231254963
FedAvg,0.5,36,5,0.68806,0.6925,0.021583859710441085,0.6881,0.7014,0.83378,0.052920100151076836
FedAvg,0.5,37,5,0.67476,0.6883,0.03695907195804568,0.6836,0.6944,0.85032,0.06907587856842647
FedAvg,0.5,38,5,0.69234,0.6938,0.008691259977701756,0.691,0.6993,0.82668,0.01431492228410621
FedAvg,0.5,39,5,0.6998,0.7001,0.006805145112339598,0.6951,0.7039,0.8059,0.01131481329938765
FedAvg,0.5,40,5,0.69876,0.6993,0.009061346478311104,0.6917,0.7067,0.82298,0.04432896344378019
FedAvg,0.5,41,5,0.7008599999999999,0.7046,0.011418756499724509,0.6976,0.7081,0.79624,0.02627799459623965
FedAvg,0.5,42,5,0.6976199999999999,0.7009,0.010305192865735236,0.693,0.706,0.79438,0.020600655329382107
FedAvg,0.5,43,5,0.7038399999999999,0.702,0.00977358685437441,0.7015,0.7107,0.7897000000000001,0.018195741259976212
FedAvg,0.5,44,5,0.69662,0.6978,0.006963260730433691,0.6921,0.6998,0.7928200000000001,0.018154531114848445
FedAvg,0.5,45,5,0.6984,0.699,0.007798397271234657,0.6975,0.7034,0.80012,0.013807316900831932
FedAvg,0.5,46,5,0.7015800000000001,0.7031,0.015043005018944832,0.6995,0.7135,0.79048,0.02988932919956551
FedAvg,0.5,47,5,0.70294,0.7049,0.00900460993047452,0.6937,0.7102,0.7851600000000001,0.024616518844060777
FedAvg,0.5,48,5,0.7056199999999999,0.7109,0.010269712751581716,0.7058,0.7117,0.79566,0.026374855449840844
FedAvg,0.5,49,5,0.6904399999999999,0.7083,0.034326345567217045,0.6869,0.7103,0.7923,0.038547438306585274
FedAvg,0.5,50,5,0.70506,0.7095,0.011101035987690515,0.6993,0.7134,0.7825,0.018576598181583182
FedAvg,0.75,0,5,0.05689999999999999,0.0569,0.0,0.0569,0.0569,2.3126,0.0
FedAvg,0.75,1,5,0.17043999999999998,0.1857,0.043719995425434345,0.1347,0.1887,2.1684799999999997,0.009926580478694484
FedAvg,0.75,2,5,0.39988,0.4331,0.06338826389798034,0.3529,0.4368,1.8390999999999997,0.011627338474474613
FedAvg,0.75,3,5,0.49255999999999994,0.4923,0.03692516756901721,0.4861,0.5059,1.5644,0.01747326529301264
FedAvg,0.75,4,5,0.52168,0.5389,0.03568454847689682,0.4874,0.5397,1.38232,0.016877410938885166
FedAvg,0.75,5,5,0.55322,0.5454,0.032443597211160156,0.5233,0.5842,1.28274,0.02678979283234566
FedAvg,0.75,6,5,0.5654600000000001,0.567,0.03084628016471358,0.5437,0.5883,1.20808,0.010166956280027997
FedAvg,0.75,7,5,0.5925,0.5965,0.008684468895678085,0.5847,0.5989,1.15046,0.012451425621188889
FedAvg,0.75,8,5,0.60956,0.6049,0.01248591206119919,0.6034,0.6173,1.10628,0.006882368778262229
FedAvg,0.75,9,5,0.6312800000000001,0.6327,0.00983346327597757,0.6288,0.6385,1.07612,0.008676231901004017
FedAvg,0.75,10,5,0.6300399999999999,0.6305,0.0154737842818103,0.6295,0.6337,1.04698,0.006052850568120821
FedAvg,0.75,11,5,0.6420600000000001,0.6483,0.013386112206312884,0.6383,0.6487,1.02284,0.007119199393190271
FedAvg,0.75,12,5,0.64534,0.6533,0.01543787550150605,0.6293,0.6569,1.00652,0.01921033575968939
FedAvg,0.75,13,5,0.64954,0.6484,0.012131281877856115,0.6418,0.6578,0.98482,0.005833266666285685
FedAvg,0.75,14,5,0.6615599999999999,0.6631,0.006608933348128097,0.6578,0.6647,0.9647400000000002,0.00783345389978137
FedAvg,0.75,15,5,0.6604599999999999,0.6627,0.006874809088258417,0.6563,0.6661,0.95156,0.0034107183993991315
FedAvg,0.75,16,5,0.67108,0.6701,0.004131827682757328,0.6688,0.6739,0.92888,0.004003373577371954
FedAvg,0.75,17,5,0.6723,0.6729,0.005952730465929041,0.6723,0.6732,0.9292199999999999,0.004905303252603278
FedAvg,0.75,18,5,0.67528,0.6752,0.0006648308055437295,0.6751,0.6759,0.9114800000000001,0.0026724520575681222
FedAvg,0.75,19,5,0.6785,0.6819,0.005076908508137581,0.6733,0.6822,0.89496,0.0049186380228677115
FedAvg,0.75,20,5,0.68038,0.6822,0.003954364677163732,0.6764,0.6829,0.8876200000000001,0.00949615711748704
FedAvg,0.75,21,5,0.66784,0.6755,0.019289841886340003,0.6663,0.6804,0.89214,0.012849241222733752
FedAvg,0.75,22,5,0.6816,0.6841,0.010175214985443796,0.6722,0.6893,0.87988,0.01688274266818044
FedAvg,0.75,23,5,0.68172,0.6821,0.005080059054774848,0.6814,0.6829,0.8694000000000001,0.00925391808911232
FedAvg,0.75,24,5,0.68392,0.6875,0.010303737186089313,0.6818,0.6898,0.85814,0.010574639473759863
FedAvg,0.75,25,5,0.68064,0.6845,0.010404950744717638,0.6716,0.6893,0.85954,0.011391356372267541
FedAvg,0.75,26,5,0.6944,0.694,0.0021272047386182782,0.6939,0.6962,0.8407600000000001,0.004662402814000527
FedAvg,0.75,27,5,0.69224,0.6917,0.0053430328466143595,0.6909,0.6965,0.84278,0.010234109633964254
FedAvg,0.75,28,5,0.6891,0.6921,0.01051784198398134,0.6916,0.6951,0.8411,0.01786616914730187
FedAvg,0.75,29,5,0.68426,0.6845,0.009192823287760924,0.6801,0.6919,0.8414200000000001,0.014776061721581992
FedAvg,0.75,30,5,0.69492,0.6953,0.004699148859102048,0.6905,0.6973,0.82972,0.005718129064650413
FedAvg,0.75,31,5,0.69594,0.6979,0.005293675471730412,0.6909,0.6994,0.8199400000000001,0.008752313979742684
FedAvg,0.75,32,5,0.6984199999999999,0.7015,0.0070775702045264115,0.6913,0.7041,0.8098599999999999,0.008325743210068355
FedAvg,0.75,33,5,0.69878,0.6993,0.0030094850057776103,0.6992,0.6993,0.8122999999999999,0.00729246186140181
FedAvg,0.75,34,5,0.69482,0.6944,0.004038811706430496,0.6912,0.6988,0.81294,0.007153530596845176
FedAvg,0.75,35,5,0.70074,0.7014,0.004928285706003649,0.6971,0.7026,0.80282,0.010193233049430372
FedAvg,0.75,36,5,0.6960599999999999,0.6963,0.0075876873947204465,0.695,0.7019,0.80332,0.006572442468367449
FedAvg,0.75,37,5,0.70016,0.6991,0.0073019175563683566,0.6951,0.7043,0.79872,0.011999458321107647
FedAvg,0.75,38,5,0.70302,0.7036,0.006600530281727376,0.6967,0.7089,0.79466,0.00950857507726585
FedAvg,0.75,39,5,0.70042,0.7052,0.010692614273413253,0.6958,0.7078,0.78986,0.012598928525870783
FedAvg,0.75,40,5,0.70446,0.7055,0.004837664725877592,0.6999,0.7061,0.7901,0.013358892169637433
FedAvg,0.75,41,5,0.70036,0.7101,0.017583031592987606,0.7008,0.7105,0.7919,0.023376056125873745
FedAvg,0.75,42,5,0.7076800000000001,0.7091,0.003625879203724243,0.7059,0.7102,0.7795799999999999,0.008698965455730873
FedAvg,0.75,43,5,0.6998800000000001,0.7054,0.01401845212568067,0.6955,0.7065,0.78964,0.019385639014486988
FedAvg,0.75,44,5,0.70914,0.7118,0.006402577605933416,0.7099,0.7119,0.77716,0.0133314665359817
FedAvg,0.75,45,5,0.71302,0.7121,0.002220810662798636,0.7114,0.7154,0.7682800000000001,0.004167373273418133
FedAvg,0.75,46,5,0.71218,0.7132,0.0039952471763333944,0.7082,0.7152,0.76736,0.009022915271684659
FedAvg,0.75,47,5,0.708,0.7091,0.006933253204665175,0.7081,0.7121,0.77154,0.016175537085364393
FedAvg,0.75,48,5,0.70796,0.7093,0.008700172412084754,0.7034,0.713,0.76858,0.013297631368029398
FedAvg,0.75,49,5,0.70326,0.7059,0.013664296542449583,0.7019,0.7104,0.77208,0.019678211300827107
FedAvg,0.75,50,5,0.70948,0.7099,0.004557082399957226,0.7064,0.7134,0.76744,0.009980631242561782
FedAvg,1.0,0,5,0.05689999999999999,0.0569,0.0,0.0569,0.0569,2.3126,0.0
FedAvg,1.0,1,5,0.18224,0.1821,0.0005176871642217852,0.1819,0.1825,2.1555,0.00038729833462092836
FedAvg,1.0,2,5,0.4993,0.499,0.003354847239443266,0.4974,0.5023,1.8253,0.0013341664064127
FedAvg,1.0,3,5,0.5605,0.5612,0.0011067971810589331,0.5595,0.5613,1.53802,0.0006099180272790081
FedAvg,1.0,4,5,0.5696399999999999,0.5701,0.0020169283576765822,0.5685,0.5709,1.3631,0.0007648529270389006
FedAvg,1.0,5,5,0.5771200000000001,0.5784,0.002279692961782378,0.5747,0.5786,1.2588,0.0005744562646538265
FedAvg,1.0,6,5,0.5920799999999999,0.591,0.0033566352199784844,0.5909,0.5946,1.1878199999999999,0.0017123083834402883
FedAvg,1.0,7,5,0.6047800000000001,0.6057,0.0023700210969524855,0.6044,0.6058,1.1369799999999999,0.0015642889758609546
FedAvg,1.0,8,5,0.6152599999999999,0.6159,0.001350185172485607,0.6148,0.6161,1.09762,0.0017108477430794607
FedAvg,1.0,9,5,0.62594,0.6265,0.0009071934744033671,0.625,0.6266,1.06502,0.0016724233913695732
FedAvg,1.0,10,5,0.63798,0.6378,0.0011627553482999086,0.6374,0.6384,1.03672,0.0014272350892548373
FedAvg,1.0,11,5,0.6483399999999999,0.6475,0.0019449935732541483,0.647,0.6491,1.0114,0.0020676073128135697
FedAvg,1.0,12,5,0.65532,0.655,0.00157543644746464,0.6545,0.6567,0.99064,0.002393324048264253
FedAvg,1.0,13,5,0.6612199999999999,0.6614,0.0005069516742254422,0.6609,0.6616,0.9708,0.0017478558292948491
FedAvg,1.0,14,5,0.66604,0.6659,0.0009235799911215528,0.6656,0.6669,0.9526,0.0019196353820452405
FedAvg,1.0,15,5,0.6695800000000001,0.6697,0.00032710854467593364,0.6693,0.6697,0.93712,0.0013773162309360966
FedAvg,1.0,16,5,0.6732199999999999,0.6733,0.0005630275304104134,0.6727,0.6736,0.9236599999999999,0.000743639697703118
FedAvg,1.0,17,5,0.67492,0.6745,0.0010686440005913934,0.6742,0.6751,0.91012,0.0015205262246998485
FedAvg,1.0,18,5,0.67732,0.6771,0.0006870225614927204,0.6769,0.6773,0.89916,0.0016471186963907523
FedAvg,1.0,19,5,0.68004,0.6798,0.0011371015785759599,0.6793,0.6802,0.8877,0.001111305538544656
FedAvg,1.0,20,5,0.68308,0.683,0.001231665539016181,0.6826,0.6837,0.87858,0.001551450933803583
FedAvg,1.0,21,5,0.68544,0.6857,0.0007924645102463601,0.6854,0.6859,0.8705999999999999,0.001644688420339866
FedAvg,1.0,22,5,0.6869799999999999,0.6875,0.0011903780911962552,0.6871,0.6876,0.86212,0.0007293833011524068
FedAvg,1.0,23,5,0.68822,0.6885,0.0007791020472312947,0.6882,0.6886,0.8545999999999999,0.0013076696830622188
FedAvg,1.0,24,5,0.68926,0.6898,0.0012259690045021243,0.6895,0.6898,0.84886,0.0028067775116670727
FedAvg,1.0,25,5,0.69164,0.6918,0.0009449867723941739,0.6915,0.6924,0.84148,0.0011562871615649665
FedAvg,1.0,26,5,0.69338,0.6932,0.000736206492772244,0.693,0.6938,0.83504,0.001978130430482282
FedAvg,1.0,27,5,0.6949,0.6946,0.0010999999999999953,0.6942,0.6953,0.83012,0.0015270887335056367
FedAvg,1.0,28,5,0.69606,0.6958,0.000971081870904811,0.6953,0.6967,0.82398,0.000690651865993326
FedAvg,1.0,29,5,0.69714,0.6971,0.0013722244714331434,0.6967,0.6984,0.81898,0.0016361540269791387
FedAvg,1.0,30,5,0.69838,0.6986,0.000661059755241557,0.6979,0.6988,0.81416,0.0019462785001124695
FedAvg,1.0,31,5,0.6992,0.6995,0.001118033988749899,0.6984,0.7001,0.8100799999999999,0.0015530614926653691
FedAvg,1.0,32,5,0.7005399999999999,0.701,0.001167475909815644,0.6995,0.7014,0.80664,0.00165620047095751
FedAvg,1.0,33,5,0.7014199999999999,0.7014,0.000791833315793159,0.7007,0.7017,0.8028000000000001,0.0008860022573334814
FedAvg,1.0,34,5,0.7025,0.7026,0.0011247221879201834,0.7017,0.7032,0.79888,0.0015738487856207979
FedAvg,1.0,35,5,0.70366,0.704,0.0006985699678629451,0.7033,0.7042,0.79568,0.0011300442469213395
FedAvg,1.0,36,5,0.70448,0.704,0.0009471008394041022,0.7038,0.705,0.79074,0.002398541223327158
FedAvg,1.0,37,5,0.7054,0.7055,0.0003807886552932288,0.705,0.7057,0.78918,0.001581771159175667
FedAvg,1.0,38,5,0.70722,0.7076,0.000903880523078139,0.7067,0.7078,0.78532,0.0010134100848126026
FedAvg,1.0,39,5,0.7076,0.7082,0.0012000000000000023,0.7074,0.7082,0.78234,0.0014240786495134535
FedAvg,1.0,40,5,0.70924,0.709,0.0006268971207463318,0.7089,0.7095,0.7792600000000001,0.0011480418110853235
FedAvg,1.0,41,5,0.71038,0.7108,0.0011366617790705752,0.7094,0.711,0.77636,0.0018406520583749474
FedAvg,1.0,42,5,0.71074,0.7103,0.0008142481194328529,0.7102,0.7109,0.77412,0.0007981227975694054
FedAvg,1.0,43,5,0.71128,0.7107,0.0010545141061171015,0.7106,0.7121,0.7714000000000001,0.0016688319268279006
FedAvg,1.0,44,5,0.71224,0.7125,0.0005727128425310603,0.7119,0.7127,0.76928,0.0009176055797563262
FedAvg,1.0,45,5,0.7128,0.7128,0.00041231056256178377,0.7125,0.7131,0.7677400000000001,0.0013612494260788375
FedAvg,1.0,46,5,0.71364,0.7138,0.0006148170459575975,0.7131,0.7141,0.7636000000000001,0.001144552314225978
FedAvg,1.0,47,5,0.7137399999999999,0.7135,0.0005856620185738443,0.7134,0.7142,0.7606200000000001,0.0012577758146824194
FedAvg,1.0,48,5,0.71394,0.7139,0.00045055521304272685,0.7138,0.7142,0.75916,0.0009889388252061052
FedAvg,1.0,49,5,0.7148399999999999,0.7147,0.0007334848328357028,0.7145,0.7147,0.75644,0.0007733045971672665
FedAvg,1.0,50,5,0.71512,0.715,0.000742967024840295,0.7149,0.7155,0.75572,0.0011734564329364961
FedProx,0.1,0,5,0.05689999999999999,0.0569,0.0,0.0569,0.0569,2.3126,0.0
FedProx,0.1,1,5,0.22261999999999998,0.2049,0.043316821213011475,0.1983,0.2186,2.39726,0.12656406678042528
FedProx,0.1,2,5,0.2798,0.3194,0.07437059230636799,0.199,0.3371,2.4584,0.8399175644073651
FedProx,0.1,3,5,0.35378,0.3692,0.03153651851425582,0.3342,0.3786,1.8216,0.16979733507920552
FedProx,0.1,4,5,0.3493,0.3615,0.04276026192623239,0.3438,0.3798,1.85548,0.17480140731698926
FedProx,0.1,5,5,0.32932,0.3279,0.10153625953323275,0.2341,0.3833,2.1138,0.7913639870502068
FedProx,0.1,6,5,0.36147999999999997,0.3463,0.06501401387393337,0.3463,0.4174,1.7551999999999999,0.3094476692431209
FedProx,0.1,7,5,0.40548,0.3747,0.12676443507545798,0.3655,0.4823,1.7319399999999998,0.44910135047670474
FedProx,0.1,8,5,0.41947999999999996,0.3965,0.07682461845007757,0.3953,0.4415,1.65728,0.37185905528842506
FedProx,0.1,9,5,0.43876,0.3839,0.08700791917980799,0.3762,0.5019,1.7536999999999998,0.564230329741321
FedProx,0.1,10,5,0.4997,0.483,0.08721536561867982,0.4367,0.5312,1.44244,0.35504526894467975
FedProx,0.1,11,5,0.50206,0.5112,0.04719574133330252,0.4607,0.5214,1.3710799999999999,0.26680619745425704
FedProx,0.1,12,5,0.53694,0.5201,0.03434571297847809,0.5113,0.5731,1.25128,0.15892360428834978
FedProx,0.1,13,5,0.53068,0.5058,0.03878384973155706,0.5019,0.5646,1.3068199999999999,0.13026088054362292
FedProx,0.1,14,5,0.51642,0.5067,0.05148545425651792,0.5028,0.5514,1.35032,0.2231604736506894
FedProx,0.1,15,5,0.5188200000000001,0.5358,0.07895566477460626,0.5131,0.5595,1.25472,0.2414983271163592
FedProx,0.1,16,5,0.5069600000000001,0.4961,0.06339130855251371,0.4917,0.5532,1.4871,0.374054995956477
FedProx,0.1,17,5,0.53902,0.5463,0.03899682038320564,0.5159,0.5651,1.2756399999999999,0.21430838294383162
FedProx,0.1,18,5,0.46092000000000005,0.4433,0.09750854834320939,0.3991,0.4604,1.5058,0.28328385940607353
FedProx,0.1,19,5,0.52916,0.5457,0.05599199049864185,0.4746,0.5641,1.2431,0.18767202775054148
FedProx,0.1,20,5,0.5645399999999999,0.5981,0.061784852512569786,0.5276,0.6102,1.16196,0.15597007084694167
FedProx,0.1,21,5,0.53562,0.5243,0.05865020886578324,0.4979,0.5854,1.24804,0.1417384316267116
FedProx,0.1,22,5,0.51174,0.5237,0.038783798163666214,0.5175,0.5323,1.2717,0.24463209110825998
FedProx,0.1,23,5,0.53206,0.527,0.12600842432155082,0.5231,0.6209,1.3000399999999999,0.436193653094586
FedProx,0.1,24,5,0.5687599999999999,0.5649,0.08019786780208064,0.5214,0.6271,1.07974,0.16055395666255007
FedProx,0.1,25,5,0.5712400000000001,0.5829,0.06898244704270795,0.5594,0.6025,1.1188,0.21329249869603947
FedProx,0.1,26,5,0.55666,0.5913,0.10403649840320468,0.5737,0.5993,1.17614,0.3195836791827768
FedProx,0.1,27,5,0.53554,0.5693,0.07228376719568508,0.4688,0.5912,1.28132,0.2993008803862762
FedProx,0.1,28,5,0.60738,0.6256,0.05193873313818889,0.5834,0.6324,1.01838,0.12343284408940763
FedProx,0.1,29,5,0.5517399999999999,0.5528,0.09681814396072666,0.5277,0.6083,1.27726,0.34791541069633586
FedProx,0.1,30,5,0.61776,0.6118,0.057625541212209024,0.5787,0.6538,1.01304,0.20634399191641128
FedProx,0.1,31,5,0.5641999999999999,0.5578,0.08493883093144146,0.4953,0.6138,1.2275399999999999,0.33985773935574864
FedProx,0.1,32,5,0.627,0.6135,0.0415356473405676,0.6046,0.6679,0.9810000000000001,0.08544360713359422
FedProx,0.1,33,5,0.6409800000000001,0.6513,0.0488406285790836,0.6321,0.661,0.96742,0.10455573633235049
FedProx,0.1,34,5,0.56982,0.5751,0.10582158097477094,0.5133,0.6547,1.1879000000000002,0.3349735213416129
FedProx,0.1,35,5,0.54006,0.5014,0.10142594835642407,0.4775,0.6471,1.31958,0.3655141543086943
FedProx,0.1,36,5,0.59906,0.5713,0.06159308402734838,0.5535,0.6439,1.02728,0.10957721934781887
FedProx,0.1,37,5,0.5353399999999999,0.5744,0.08228665140835417,0.5537,0.5749,1.25602,0.4705884900844899
FedProx,0.1,38,5,0.5945,0.6509,0.12404100128586519,0.5334,0.6846,1.2098200000000001,0.48382143090193935
FedProx,0.1,39,5,0.6340600000000001,0.644,0.039433399549113166,0.6395,0.6529,1.06044,0.1767442870363848
FedProx,0.1,40,5,0.6472,0.6539,0.03125155996106432,0.6507,0.6602,0.9377800000000001,0.07880607210107611
FedProx,0.1,41,5,0.6138,0.623,0.048741306917234,0.5814,0.6272,1.0167199999999998,0.15942423592415295
FedProx,0.1,42,5,0.5753199999999999,0.5677,0.0645489116871849,0.5541,0.6333,1.1939,0.1622589134685673
FedProx,0.1,43,5,0.61266,0.5745,0.07063482144098616,0.5568,0.687,1.09246,0.24028175752645067
FedProx,0.1,44,5,0.58108,0.5642,0.04453287549664855,0.563,0.6109,1.16824,0.2148449976145593
FedProx,0.1,45,5,0.59242,0.569,0.08012541419549729,0.5684,0.6345,1.08514,0.22855005578647317
FedProx,0.1,46,5,0.53088,0.5969,0.11649721885092362,0.4355,0.6151,1.4617200000000001,0.6846315702624294
FedProx,0.1,47,5,0.65674,0.6731,0.028621373132678322,0.6418,0.6739,0.9989399999999999,0.15960237466905064
FedProx,0.1,48,5,0.62202,0.5982,0.046705535003894336,0.5963,0.6505,1.0654,0.17194353724406167
FedProx,0.1,49,5,0.60622,0.6058,0.04684257678650909,0.5821,0.6298,1.0623999999999998,0.17957601454537292
FedProx,0.1,50,5,0.6144000000000001,0.6598,0.10509873928834727,0.5607,0.6865,1.0177200000000002,0.2877692686858694
FedProx,0.25,0,5,0.05689999999999999,0.0569,0.0,0.0569,0.0569,2.3126,0.0
FedProx,0.25,1,5,0.20827999999999997,0.2065,0.02377313609938748,0.1934,0.2163,2.2916800000000004,0.11295398178019245
FedProx,0.25,2,5,0.35206,0.3178,0.06365719126697311,0.3095,0.371,1.95902,0.08571264200804928
FedProx,0.25,3,5,0.30818,0.2971,0.06489951463608956,0.285,0.3382,1.7338,0.1618263421078286
FedProx,0.25,4,5,0.38482,0.3375,0.12055030900001874,0.3051,0.4893,1.59386,0.1674583022725359
FedProx,0.25,5,5,0.4789800000000001,0.4946,0.07415434579308215,0.4366,0.5129,1.41118,0.1520382747863182
FedProx,0.25,6,5,0.45830000000000004,0.4553,0.058445359097194345,0.4126,0.4808,1.3936600000000001,0.09166184047901277
FedProx,0.25,7,5,0.48316,0.4734,0.04935709675416494,0.4512,0.5262,1.33662,0.09939168476286134
FedProx,0.25,8,5,0.50732,0.4847,0.047271577083909534,0.4729,0.5469,1.22838,0.06981501987394971
FedProx,0.25,9,5,0.49722,0.4915,0.028652172692485316,0.472,0.5121,1.3051,0.10346141792958377
FedProx,0.25,10,5,0.48754,0.5115,0.07512538186259021,0.431,0.527,1.27312,0.11444726733303856
FedProx,0.25,11,5,0.53738,0.5381,0.0883992760151349,0.5309,0.5809,1.18994,0.1743765982005613
FedProx,0.25,12,5,0.57938,0.5523,0.05670023809473819,0.539,0.6192,1.12392,0.12459146038152048
FedProx,0.25,13,5,0.57356,0.5886,0.06730232536844476,0.5056,0.6361,1.14372,0.09677976028075291
FedProx,0.25,14,5,0.56462,0.5832,0.062123200175135854,0.5368,0.5846,1.1761599999999999,0.15053792877544178
FedProx,0.25,15,5,0.58574,0.6039,0.05800886139203219,0.5483,0.6105,1.0961,0.12427449456746947
FedProx,0.25,16,5,0.57084,0.6057,0.049892263929390904,0.5291,0.6071,1.09908,0.09179682456381595
FedProx,0.25,17,5,0.60664,0.6009,0.0413080863754302,0.5848,0.6313,1.02786,0.06376129703825043
FedProx,0.25,18,5,0.6444,0.6475,0.016626033802443624,0.6292,0.6574,0.98566,0.045929924885634264
FedProx,0.25,19,5,0.6169,0.6289,0.041599098547925296,0.6018,0.6492,1.01584,0.07950404392230619
FedProx,0.25,20,5,0.59828,0.5794,0.03565356924629004,0.5792,0.6095,1.02046,0.04484448684063632
FedProx,0.25,21,5,0.62034,0.6349,0.054770731234848435,0.619,0.6567,1.01488,0.10474916228781969
FedProx,0.25,22,5,0.62896,0.6553,0.048052866719895095,0.6045,0.6608,0.969,0.07810937843818756
FedProx,0.25,23,5,0.6311,0.638,0.034786850964121485,0.6102,0.6489,0.9712,0.05359346975145384
FedProx,0.25,24,5,0.63506,0.6395,0.04170980700027275,0.6193,0.6701,0.94352,0.05286763660312427
FedProx,0.25,25,5,0.65088,0.649,0.027182567943444914,0.6415,0.6747,0.93102,0.06486051957855409
FedProx,0.25,26,5,0.62226,0.638,0.0624967039130865,0.6162,0.6617,0.9926600000000001,0.15646312025522188
FedProx,0.25,27,5,0.64384,0.6328,0.03202675444062354,0.6314,0.6693,0.9342599999999999,0.05090533370875789
FedProx,0.25,28,5,0.6422,0.644,0.01248218730832059,0.6386,0.6492,0.9132200000000001,0.021822740432860387
FedProx,0.25,29,5,0.63724,0.6478,0.04836437738666752,0.5913,0.6626,0.92972,0.08656596906406133
FedProx,0.25,30,5,0.64974,0.6456,0.0246795056676587,0.6372,0.6706,0.9087,0.05956899361244912
FedProx,0.25,31,5,0.64748,0.6547,0.053096205137467205,0.6011,0.6968,0.95526,0.13946710364813633
FedProx,0.25,32,5,0.6716200000000001,0.6743,0.019401984434588092,0.6622,0.6851,0.87338,0.05465452405794051
FedProx,0.25,33,5,0.66018,0.6766,0.04227560762425538,0.6326,0.6935,0.91698,0.10754551129638099
FedProx,0.25,34,5,0.63628,0.6445,0.035096751986473065,0.6006,0.6621,0.92074,0.05554392856109473
FedProx,0.25,35,5,0.64666,0.6458,0.04615336390773701,0.6396,0.6699,0.89682,0.071109682884963
FedProx,0.25,36,5,0.6718,0.6755,0.011396929411029936,0.6629,0.6807,0.8674,0.03113398464700592
FedProx,0.25,37,5,0.6692600000000001,0.6958,0.04710226109222363,0.6521,0.6991,0.8553799999999999,0.06806784850426813
FedProx,0.25,38,5,0.68336,0.6958,0.022073581494628347,0.665,0.6963,0.8520200000000001,0.04800054166361045
FedProx,0.25,39,5,0.6711199999999999,0.6777,0.026862464518357186,0.6634,0.6887,0.85816,0.057903048278998226
FedProx,0.25,40,5,0.68518,0.6987,0.024905260488499212,0.6775,0.7019,0.8416,0.053269456539371526
FedProx,0.25,41,5,0.63536,0.6263,0.03694702965056864,0.6114,0.6383,0.96172,0.10922264875015623
FedProx,0.25,42,5,0.64232,0.6709,0.056536642984881966,0.5891,0.685,0.92714,0.10334228563371338
FedProx,0.25,43,5,0.66128,0.6807,0.04102842916807808,0.6469,0.6873,0.8974599999999999,0.09765819474063613
FedProx,0.25,44,5,0.64824,0.6482,0.03378569223798738,0.6338,0.672,0.91456,0.05216572629610365
FedProx,0.25,45,5,0.64232,0.6266,0.038508596442872293,0.624,0.629,0.93104,0.09159897925195451
FedProx,0.25,46,5,0.66644,0.685,0.029763282749051708,0.6409,0.6867,0.8713599999999999,0.04216340830625533
FedProx,0.25,47,5,0.6784399999999999,0.6821,0.021040865001230345,0.6595,0.6911,0.8573999999999999,0.05658369906607383
FedProx,0.25,48,5,0.6817,0.6839,0.03137522908282903,0.6815,0.6998,0.85578,0.06538479945675447
FedProx,0.25,49,5,0.6434200000000001,0.63,0.043551314561101354,0.6118,0.6811,0.91424,0.09038270299122506
FedProx,0.25,50,5,0.6772199999999999,0.6854,0.027941313498115957,0.6528,0.6987,0.8409599999999999,0.0471836094422629
FedProx,0.5,0,5,0.05689999999999999,0.0569,0.0,0.0569,0.0569,2.3126,0.0
FedProx,0.5,1,5,0.19346,0.1693,0.07520560484431994,0.1542,0.2009,2.20262,0.04503900531761349
FedProx,0.5,2,5,0.33984000000000003,0.3322,0.09194472796196634,0.2786,0.4281,1.88684,0.04957214943897435
FedProx,0.5,3,5,0.44602,0.4547,0.09629754410160206,0.4453,0.4878,1.6234600000000001,0.05964707033878524
FedProx,0.5,4,5,0.5176000000000001,0.5227,0.03736997457853031,0.4946,0.5354,1.40298,0.0421849736280586
FedProx,0.5,5,5,0.54064,0.5575,0.032044000998626865,0.5149,0.5603,1.3015,0.03416174761337604
FedProx,0.5,6,5,0.50476,0.4875,0.04700965858204031,0.4863,0.5428,1.2708,0.061473083540684696
FedProx,0.5,7,5,0.5347999999999999,0.5341,0.02120731006044848,0.5229,0.5483,1.19834,0.014907481343271889
FedProx,0.5,8,5,0.58244,0.5857,0.0258040306928976,0.5599,0.5871,1.1385999999999998,0.022245898498374897
FedProx,0.5,9,5,0.59272,0.5966,0.018096878183819453,0.5891,0.6042,1.1062400000000001,0.01810712566919447
FedProx,0.5,10,5,0.5870599999999999,0.6225,0.06756206775994943,0.5368,0.6373,1.1196199999999998,0.08438167455081697
FedProx,0.5,11,5,0.62996,0.635,0.02283808223122071,0.6333,0.6433,1.04742,0.021261749692816898
FedProx,0.5,12,5,0.62054,0.6383,0.039710300930614985,0.6337,0.6391,1.0437,0.041996249832574356
FedProx,0.5,13,5,0.63116,0.6175,0.025047714466593526,0.6132,0.6541,1.02298,0.038054001103694717
FedProx,0.5,14,5,0.6153,0.6173,0.02171831024734663,0.6022,0.6209,1.0246600000000001,0.03229718253965819
FedProx,0.5,15,5,0.628,0.6434,0.024022073182804173,0.6067,0.6447,0.9912600000000001,0.011316050547783906
FedProx,0.5,16,5,0.65036,0.6602,0.021701105962600154,0.6369,0.6673,0.9611599999999999,0.03401548176933552
FedProx,0.5,17,5,0.6418200000000001,0.6259,0.025088184469985078,0.6246,0.6659,0.9498200000000001,0.0226065698415306
FedProx,0.5,18,5,0.66078,0.6682,0.02226919396835011,0.6597,0.672,0.92714,0.016906596345805398
FedProx,0.5,19,5,0.6452199999999999,0.641,0.028262820099912146,0.6373,0.6606,0.9413,0.02264862026702731
FedProx,0.5,20,5,0.6758200000000001,0.6792,0.007425092592015285,0.6728,0.6793,0.9014200000000001,0.02605900995816997
FedProx,0.5,21,5,0.67652,0.6765,0.010108511265265536,0.6707,0.6862,0.8966200000000001,0.017779116963448964
FedProx,0.5,22,5,0.67864,0.6806,0.0068002205846575,0.6774,0.681,0.8875399999999999,0.01061546042336365
FedProx,0.5,23,5,0.65406,0.6413,0.03086297134107476,0.6351,0.6795,0.89484,0.028640233937592036
FedProx,0.5,24,5,0.6605399999999999,0.6727,0.029280420078953803,0.6495,0.6738,0.8960000000000001,0.03393427470861878
FedProx,0.5,25,5,0.66918,0.6657,0.016044531778771243,0.6647,0.6702,0.88606,0.02157273742481467
FedProx,0.5,26,5,0.6777599999999999,0.6762,0.013022019812609737,0.6746,0.6808,0.8615999999999999,0.017721314849637994
FedProx,0.5,27,5,0.68296,0.6927,0.014653429632683238,0.669,0.6935,0.86072,0.02858175991782173
FedProx,0.5,28,5,0.6801,0.684,0.021442947558579728,0.6706,0.6963,0.8524200000000001,0.023834890392028206
FedProx,0.5,29,5,0.6889,0.6899,0.01305067048086035,0.6879,0.6979,0.8502000000000001,0.026584487958206008
FedProx,0.5,30,5,0.6757,0.6938,0.03019279715428827,0.6639,0.6948,0.8595200000000001,0.03255759512003306
FedProx,0.5,31,5,0.68008,0.6914,0.02671641817310098,0.6697,0.6996,0.85152,0.040443689248138584
FedProx,0.5,32,5,0.68114,0.6875,0.014470418100386722,0.6701,0.693,0.8439399999999999,0.024125981845305292
FedProx,0.5,33,5,0.68528,0.6837,0.008278707628609652,0.6814,0.6867,0.8381000000000001,0.01820041208324687
FedProx,0.5,34,5,0.67104,0.6731,0.024733641058283358,0.6632,0.6808,0.8573600000000001,0.04510690634481601
FedProx,0.5,35,5,0.69112,0.6926,0.009667833262939523,0.6923,0.6947,0.83592,0.027421743197688905
FedProx,0.5,36,5,0.69492,0.7013,0.011023701737619691,0.6877,0.7018,0.8150600000000001,0.017682986173155227
FedProx,0.5,37,5,0.69248,0.6958,0.011954371585323878,0.6847,0.7008,0.82064,0.020814970574084414
FedProx,0.5,38,5,0.6759999999999999,0.6811,0.021023914954165904,0.669,0.6906,0.8378399999999999,0.029453234117834997
FedProx,0.5,39,5,0.69364,0.703,0.023910102467367165,0.6981,0.7034,0.80576,0.02403337263057353
FedProx,0.5,40,5,0.69582,0.7003,0.013610914737812431,0.6943,0.7038,0.8066000000000001,0.019301942907386276
FedProx,0.5,41,5,0.69336,0.6945,0.00930204278639907,0.6909,0.6985,0.8147400000000001,0.019710606281898062
FedProx,0.5,42,5,0.69762,0.702,0.014117081851430836,0.6915,0.7066,0.80982,0.03461469341190243
FedProx,0.5,43,5,0.69094,0.6973,0.02285143321544628,0.6967,0.7045,0.81462,0.0269500834878113
FedProx,0.5,44,5,0.69472,0.7001,0.01867691087947896,0.6926,0.7034,0.80512,0.02967788739112002
FedProx,0.5,45,5,0.7017599999999999,0.703,0.005963472142971719,0.6986,0.7049,0.79452,0.013750345450205984
FedProx,0.5,46,5,0.69838,0.6971,0.012219942716723352,0.6882,0.7093,0.80944,0.047450479449632564
FedProx,0.5,47,5,0.69832,0.696,0.007306640815039416,0.693,0.7005,0.7933399999999999,0.020505072543153816
FedProx,0.5,48,5,0.6887000000000001,0.6876,0.016306287131042443,0.6789,0.6963,0.8057000000000001,0.03784791936157126
FedProx,0.5,49,5,0.69666,0.7043,0.015160903666998193,0.6803,0.7076,0.78472,0.029638353530518483
FedProx,0.5,50,5,0.69014,0.7038,0.027653263821834865,0.6686,0.7089,0.7902,0.03462282484142505
FedProx,0.75,0,5,0.05689999999999999,0.0569,0.0,0.0569,0.0569,2.3126,0.0
FedProx,0.75,1,5,0.19478,0.1946,0.05835329467990646,0.1621,0.2033,2.1659800000000002,0.005011686342938854
FedProx,0.75,2,5,0.39139999999999997,0.3805,0.052205459484617106,0.3653,0.4285,1.85288,0.023932759974562123
FedProx,0.75,3,5,0.48342,0.4681,0.03166081173943586,0.4626,0.5133,1.5692,0.02945157041653289
FedProx,0.75,4,5,0.52236,0.5337,0.021638230057007882,0.5035,0.5338,1.38388,0.00923536680376041
FedProx,0.75,5,5,0.56864,0.5716,0.019046075711284974,0.5498,0.5858,1.27678,0.016952344970534296
FedProx,0.75,6,5,0.58564,0.5977,0.025069563219170806,0.5621,0.6014,1.2015600000000002,0.022748252680151078
FedProx,0.75,7,5,0.59416,0.6002,0.016355213236151984,0.5817,0.6078,1.1511200000000001,0.01701431750027011
FedProx,0.75,8,5,0.59528,0.6064,0.02884123783751316,0.5847,0.6124,1.10988,0.013415923374855688
FedProx,0.75,9,5,0.6117,0.6194,0.01616539513899982,0.6022,0.6236,1.07946,0.011550021645001329
FedProx,0.75,10,5,0.62642,0.6271,0.00904859105054487,0.6257,0.6274,1.05244,0.014614479121747806
FedProx,0.75,11,5,0.63938,0.6373,0.007921300398293158,0.6365,0.6462,1.02406,0.011448930081016275
FedProx,0.75,12,5,0.64144,0.6506,0.023322692811937468,0.6493,0.6523,1.01546,0.012799921874761642
FedProx,0.75,13,5,0.65156,0.6549,0.01328977050215695,0.6455,0.6607,0.9803200000000001,0.009371606052326386
FedProx,0.75,14,5,0.66194,0.6654,0.0057721746335328205,0.6582,0.6657,0.9642,0.015306044557624935
FedProx,0.75,15,5,0.66666,0.6653,0.0038200785332241868,0.6645,0.6704,0.9453199999999999,0.005881496408228105
FedProx,0.75,16,5,0.6583,0.6584,0.005388877434123016,0.6574,0.6605,0.9426399999999999,0.006404529647054522
FedProx,0.75,17,5,0.67328,0.6737,0.0029701851794122023,0.6709,0.6741,0.9199400000000001,0.0066489096850536585
FedProx,0.75,18,5,0.67038,0.6713,0.005822971749888536,0.6682,0.6733,0.91876,0.009273780243244874
FedProx,0.75,19,5,0.673,0.6739,0.006478425734698196,0.6674,0.6761,0.9057000000000001,0.012751078385767958
FedProx,0.75,20,5,0.6802400000000001,0.6811,0.0024673872821266265,0.6786,0.6815,0.8928,0.008714069083958437
FedProx,0.75,21,5,0.67524,0.6768,0.00852455277419288,0.6731,0.6801,0.88286,0.005847478088885809
FedProx,0.75,22,5,0.68014,0.6833,0.0069125248643314196,0.6759,0.6843,0.8750399999999999,0.01033213433904147
FedProx,0.75,23,5,0.6879,0.6906,0.005086747487343943,0.6867,0.6909,0.8654400000000001,0.012617170839772296
FedProx,0.75,24,5,0.6851,0.6867,0.004838904834774084,0.6803,0.6873,0.85886,0.00702730389267463
FedProx,0.75,25,5,0.68716,0.6901,0.008395117628717296,0.6862,0.6909,0.8533,0.012605752655038093
FedProx,0.75,26,5,0.69386,0.6956,0.0033664521383795437,0.6926,0.6961,0.84322,0.010608817087687
FedProx,0.75,27,5,0.69138,0.6932,0.004699680840227387,0.6869,0.6945,0.8381399999999999,0.00940228695584217
FedProx,0.75,28,5,0.69018,0.6914,0.004661223015475652,0.6907,0.6918,0.8385999999999999,0.009130991183874868
FedProx,0.75,29,5,0.69568,0.6966,0.0037969724781726066,0.6947,0.6986,0.82576,0.005321935738056215
FedProx,0.75,30,5,0.69892,0.7015,0.005375127905454892,0.6995,0.7017,0.81666,0.00770473880154285
FedProx,0.75,31,5,0.69604,0.6974,0.007841109615354168,0.6957,0.6998,0.8217800000000001,0.011010767457357355
FedProx,0.75,32,5,0.69112,0.6902,0.011318657164169278,0.6854,0.697,0.8227800000000001,0.017176350019721915
FedProx,0.75,33,5,0.69272,0.6983,0.012287269835077259,0.6936,0.6994,0.8172200000000001,0.010419308998201347
FedProx,0.75,34,5,0.70008,0.7016,0.00453728994004133,0.6966,0.7021,0.80242,0.006578905684078457
FedProx,0.75,35,5,0.69878,0.6985,0.003884842339143245,0.6971,0.7011,0.80702,0.006828030462732271
FedProx,0.75,36,5,0.7024,0.7029,0.004095729483254438,0.6985,0.7046,0.8031,0.012927296701166893
FedProx,0.75,37,5,0.69346,0.703,0.016621612436824595,0.6824,0.7057,0.80884,0.017885413050863525
FedProx,0.75,38,5,0.70364,0.7058,0.006485599432589076,0.7045,0.706,0.8044,0.01714467847467548
FedProx,0.75,39,5,0.70078,0.7065,0.011504216618266524,0.6985,0.707,0.79222,0.013932408262751984
FedProx,0.75,40,5,0.7039,0.7039,0.004389191269470911,0.7025,0.7045,0.7896799999999999,0.011056536528226168
FedProx,0.75,41,5,0.70504,0.7043,0.002794279871451735,0.7039,0.7059,0.78492,0.0024263140769488004
FedProx,0.75,42,5,0.70346,0.7035,0.005124743896040087,0.6998,0.705,0.78828,0.015732831912913848
FedProx,0.75,43,5,0.70606,0.7081,0.006050041322172979,0.7038,0.7095,0.7875,0.015843452906484735
FedProx,0.75,44,5,0.709,0.7103,0.005162363799656064,0.7101,0.7105,0.7766,0.0179355791654465
FedProx,0.75,45,5,0.70706,0.7059,0.003612893577176093,0.705,0.7103,0.7779999999999999,0.009396009791395519
FedProx,0.75,46,5,0.70572,0.7067,0.006921849463835499,0.7051,0.7095,0.7780199999999999,0.013404178453004859
FedProx,0.75,47,5,0.70778,0.7095,0.005658356651891103,0.7021,0.7122,0.77372,0.0102223774142809
FedProx,0.75,48,5,0.7098,0.7094,0.003754330832518629,0.7071,0.7102,0.77106,0.011113190361007934
FedProx,0.75,49,5,0.7098,0.7119,0.006009159675029459,0.7041,0.7131,0.7701,0.01040480658157568
FedProx,0.75,50,5,0.70948,0.7125,0.007644736751517325,0.7059,0.7131,0.76866,0.013655328630245421
FedProx,1.0,0,5,0.05689999999999999,0.0569,0.0,0.0569,0.0569,2.3126,0.0
FedProx,1.0,1,5,0.18222,0.1825,0.0005540758070877994,0.1819,0.1826,2.15578,0.00034205262752974266
FedProx,1.0,2,5,0.49898,0.4991,0.0033603571238783408,0.4959,0.5021,1.8252,0.0012786711852544178
FedProx,1.0,3,5,0.5621,0.5614,0.002367488120350333,0.56,0.5643,1.53854,0.0005029910535983184
FedProx,1.0,4,5,0.5662200000000001,0.5659,0.0017935997323818187,0.5655,0.5675,1.36354,0.0004979959839195023
FedProx,1.0,5,5,0.57824,0.5779,0.002099523755521682,0.5779,0.579,1.25874,0.0010853570840971833
FedProx,1.0,6,5,0.59292,0.5932,0.0014855975228842695,0.5914,0.5939,1.18796,0.0006693280212271781
FedProx,1.0,7,5,0.60484,0.6045,0.0034551410969742044,0.6017,0.6078,1.13732,0.0025053941805632256
FedProx,1.0,8,5,0.61568,0.6163,0.0019070920271449297,0.6146,0.6172,1.0977999999999999,0.0017131841699013063
FedProx,1.0,9,5,0.62642,0.6262,0.0012235195135346037,0.626,0.6275,1.06418,0.0013935566009316137
FedProx,1.0,10,5,0.63864,0.6379,0.0029946619174791634,0.6369,0.6413,1.03624,0.0033268603818014395
FedProx,1.0,11,5,0.64748,0.6478,0.002053533540023166,0.647,0.6485,1.0124600000000001,0.0010876580344943842
FedProx,1.0,12,5,0.6563399999999999,0.6566,0.0016288032416470614,0.6549,0.6568,0.9891400000000001,0.0012992305415129484
FedProx,1.0,13,5,0.6609999999999999,0.6609,0.0010488088481701672,0.6607,0.6613,0.9712799999999999,0.0017655027612552662
FedProx,1.0,14,5,0.66564,0.6653,0.001248198702130409,0.6649,0.6665,0.95414,0.0013126309458488684
FedProx,1.0,15,5,0.6692400000000001,0.6691,0.00115887876846545,0.6686,0.6699,0.9390599999999999,0.0021396261355666663
FedProx,1.0,16,5,0.67306,0.6736,0.0011523888232710174,0.6722,0.6738,0.9238799999999999,0.002522300537208016
FedProx,1.0,17,5,0.67556,0.6755,0.0010039920318408615,0.6753,0.6756,0.9109999999999999,0.001036822067666379
FedProx,1.0,18,5,0.67814,0.6781,0.0007668115805072094,0.6776,0.6788,0.89818,0.0010663020210053046
FedProx,1.0,19,5,0.6808,0.6808,0.0008336666000266928,0.6803,0.6811,0.8875,0.0014882876066136927
FedProx,1.0,20,5,0.68274,0.6827,0.0011058933040759124,0.6824,0.6836,0.8785399999999999,0.0020827865949251618
FedProx,1.0,21,5,0.6849000000000001,0.685,0.0006403124237433086,0.685,0.6853,0.8699,0.002534758371127301
FedProx,1.0,22,5,0.68664,0.6867,0.0012541929676090954,0.6862,0.6874,0.8628199999999999,0.0023679104712805324
FedProx,1.0,23,5,0.68792,0.6876,0.0006906518659932774,0.6875,0.6885,0.8541000000000001,0.0012389511693364004
FedProx,1.0,24,5,0.6902200000000001,0.6899,0.0008700574693662728,0.6895,0.6911,0.84748,0.0008757853618324743
FedProx,1.0,25,5,0.6921,0.6927,0.0017204650534085326,0.6903,0.6931,0.8423400000000001,0.0022311432047271242
FedProx,1.0,26,5,0.69364,0.693,0.0012541929676090334,0.6926,0.6949,0.83506,0.0009071934744033395
FedProx,1.0,27,5,0.6955,0.6957,0.0006442049363363113,0.6953,0.6958,0.8293799999999999,0.001548224789880308
FedProx,1.0,28,5,0.69618,0.6963,0.0012794530081249697,0.6954,0.6964,0.8240000000000001,0.0026191601707417547
FedProx,1.0,29,5,0.6968799999999999,0.6967,0.0008012490249603742,0.6964,0.6977,0.81906,0.001741551032843992
FedProx,1.0,30,5,0.6981200000000001,0.6981,0.0003492849839314317,0.6979,0.6981,0.8142199999999999,0.0009418067742376786
FedProx,1.0,31,5,0.69912,0.6986,0.001373681185719576,0.6981,0.7001,0.8106,0.0018560711193270534
FedProx,1.0,32,5,0.70048,0.7006,0.0011099549540409413,0.6999,0.7015,0.8065200000000001,0.0014720733677368153
FedProx,1.0,33,5,0.7014400000000001,0.7014,0.0013794926603646414,0.7013,0.7022,0.8040200000000001,0.0017683325479106162
FedProx,1.0,34,5,0.7029,0.7027,0.0006041522986797195,0.7025,0.7032,0.79866,0.0016816658407662489
FedProx,1.0,35,5,0.70374,0.7039,0.0004098780306383327,0.7033,0.7041,0.79496,0.0011545561917897622
FedProx,1.0,36,5,0.70512,0.7049,0.001752712184016478,0.7037,0.7059,0.79202,0.0021510462570572325
FedProx,1.0,37,5,0.70652,0.7074,0.0021741665069631303,0.7047,0.7074,0.788,0.0011113055385446003
FedProx,1.0,38,5,0.7063200000000001,0.7063,0.001066302021005329,0.7057,0.7068,0.7861800000000001,0.0008318653737234235
FedProx,1.0,39,5,0.7079799999999999,0.7085,0.0010709808588392185,0.7071,0.7086,0.78172,0.0008438009243891533
FedProx,1.0,40,5,0.70892,0.7089,0.0005932958789676505,0.7084,0.7093,0.78008,0.0010709808588391944
FedProx,1.0,41,5,0.7101200000000001,0.71,0.000605805249234408,0.7098,0.7102,0.7774,0.0013019216566291657
FedProx,1.0,42,5,0.71072,0.7105,0.0010709808588392103,0.7102,0.7113,0.77484,0.002123205124334398
FedProx,1.0,43,5,0.7115,0.7117,0.0006595452979136663,0.7109,0.7117,0.77074,0.0025175384803414694
FedProx,1.0,44,5,0.7119,0.7118,0.0010368220676664202,0.7111,0.7122,0.76912,0.0013330416347586036
FedProx,1.0,45,5,0.71258,0.7127,0.0005403702434442797,0.7125,0.7129,0.76742,0.0016858232410309148
FedProx,1.0,46,5,0.71336,0.7132,0.0005224940191045271,0.713,0.7135,0.76326,0.0013776792079435933
FedProx,1.0,47,5,0.71376,0.7136,0.0006107372593841024,0.7135,0.7141,0.76104,0.0021337759957409225
FedProx,1.0,48,5,0.7143200000000001,0.7141,0.000626099033699943,0.7141,0.7149,0.7588,0.0011999999999999637
FedProx,1.0,49,5,0.71508,0.7146,0.0010894952959971534,0.7145,0.7149,0.7567999999999999,0.0012409673645990729
FedProx,1.0,50,5,0.71534,0.7155,0.0006268971207462661,0.7148,0.7157,0.7546,0.0012864680330269035
SCAFFOLD,0.1,0,5,0.05689999999999999,0.0569,0.0,0.0569,0.0569,2.3126,0.0
SCAFFOLD,0.1,1,5,0.20454,0.1906,0.04763447281119002,0.1799,0.1939,2.6682200000000003,0.36215930472652497
SCAFFOLD,0.1,2,5,0.25074,0.1914,0.09275905885680387,0.191,0.2897,2.26332,0.3495462015242047
SCAFFOLD,0.1,3,5,0.28593999999999997,0.2905,0.05655464613981771,0.2827,0.3139,2.03864,0.31952379097650924
SCAFFOLD,0.1,4,5,0.40244,0.4181,0.0379150102202281,0.3707,0.4316,1.5817,0.10654381727721232
SCAFFOLD,0.1,5,5,0.38980000000000004,0.4028,0.1326374758505303,0.2925,0.4791,1.6965800000000002,0.46055605196327626
SCAFFOLD,0.1,6,5,0.45538,0.4449,0.06276258439548199,0.428,0.449,1.47358,0.24662123185159862
SCAFFOLD,0.1,7,5,0.48132,0.4622,0.07181254765011474,0.4389,0.5457,1.40472,0.1786945914122753
SCAFFOLD,0.1,8,5,0.51204,0.5289,0.04632723820820753,0.4658,0.5362,1.28962,0.09071809080883479
SCAFFOLD,0.1,9,5,0.52112,0.5116,0.053313009669310525,0.473,0.5649,1.2467000000000001,0.11488801068867022
SCAFFOLD,0.1,10,5,0.58074,0.5995,0.09101100482908647,0.5805,0.6474,1.18874,0.2882375894986634
SCAFFOLD,0.1,11,5,0.54694,0.5478,0.08184245841859836,0.4934,0.5825,1.24432,0.23798927917030213
SCAFFOLD,0.1,12,5,0.5524,0.5913,0.1014772388272365,0.5659,0.6059,1.2831199999999998,0.3125089390721487
SCAFFOLD,0.1,13,5,0.56254,0.5199,0.08045522357187257,0.5038,0.6237,1.22188,0.1999837418391805
SCAFFOLD,0.1,14,5,0.5654600000000001,0.5884,0.06608757825794499,0.5246,0.5971,1.2446,0.2677628334926266
SCAFFOLD,0.1,15,5,0.58152,0.5951,0.06360661915241213,0.5619,0.6201,1.10886,0.09329133400268218
SCAFFOLD,0.1,16,5,0.58952,0.5737,0.039120033231069724,0.5734,0.6184,1.06952,0.09767234511365029
SCAFFOLD,0.1,17,5,0.58754,0.5553,0.05691035055242588,0.5453,0.6423,1.11418,0.17463767348427423
SCAFFOLD,0.1,18,5,0.5851599999999999,0.6123,0.07806457583308836,0.5998,0.6257,1.09176,0.2447810613589213
SCAFFOLD,0.1,19,5,0.64312,0.6758,0.059558433491823784,0.6278,0.6799,0.94902,0.109120584675853
SCAFFOLD,0.1,20,5,0.63262,0.6243,0.03550066196565918,0.609,0.6523,1.0230000000000001,0.1584981703364427
SCAFFOLD,0.1,21,5,0.5624399999999999,0.5728,0.04582611700766277,0.5677,0.589,1.19356,0.11426221160121133
SCAFFOLD,0.1,22,5,0.66658,0.6703,0.031021798787304364,0.6487,0.6919,0.8951,0.0654878614706573
SCAFFOLD,0.1,23,5,0.61688,0.6256,0.048053272521234126,0.5873,0.6587,0.98162,0.1085946683774116
SCAFFOLD,0.1,24,5,0.6744,0.6778,0.014861191069359134,0.6677,0.6862,0.88606,0.04133573514527109
SCAFFOLD,0.1,25,5,0.6561600000000001,0.6598,0.02637239086620703,0.6398,0.6771,0.94002,0.1070717376341675
SCAFFOLD,0.1,26,5,0.65564,0.6719,0.03979714813903126,0.649,0.6797,0.913,0.0688344753738997
SCAFFOLD,0.1,27,5,0.60472,0.6518,0.09887816745874692,0.5747,0.6703,1.00894,0.25260685461800125
SCAFFOLD,0.1,28,5,0.67282,0.6702,0.013994713287523976,0.6694,0.681,0.85518,0.03286269921963196
SCAFFOLD,0.1,29,5,0.6407,0.673,0.06067548928521302,0.5774,0.6815,0.9435399999999999,0.18277093040196524
SCAFFOLD,0.1,30,5,0.6297200000000001,0.6065,0.04935131203929633,0.6053,0.6796,0.9576,0.08245444196645807
SCAFFOLD,0.1,31,5,0.635,0.6134,0.044735388676080574,0.6103,0.6359,0.9561400000000001,0.13537685548128234
SCAFFOLD,0.1,32,5,0.6623,0.6428,0.04211252782723915,0.6395,0.6955,0.89028,0.10670345355235705
SCAFFOLD,0.1,33,5,0.66694,0.6508,0.0274718583281146,0.6471,0.6911,0.9146000000000001,0.14880989550429777
SCAFFOLD,0.1,34,5,0.65526,0.634,0.05982418407299846,0.6139,0.7186,0.8628399999999999,0.1257856629350102
SCAFFOLD,0.1,35,5,0.6915,0.7021,0.03633655184521505,0.6909,0.7096,0.80024,0.08036786049161694
SCAFFOLD,0.1,36,5,0.68154,0.6766,0.0248037900329768,0.663,0.6954,0.86258,0.05255484754045054
SCAFFOLD,0.1,37,5,0.6829799999999999,0.6759,0.018729442063232966,0.6739,0.6947,0.8372400000000001,0.08215572408542204
SCAFFOLD,0.1,38,5,0.65958,0.6666,0.029306006210331692,0.639,0.669,0.91326,0.08616140667375384
SCAFFOLD,0.1,39,5,0.70422,0.6999,0.027708698995080952,0.6827,0.7265,0.7922800000000001,0.07998541742092741
SCAFFOLD,0.1,40,5,0.67748,0.6785,0.03498216688542891,0.6727,0.6921,0.8444800000000001,0.08459265334531127
SCAFFOLD,0.1,41,5,0.68536,0.6787,0.02201824243667057,0.6742,0.7072,0.834,0.062140646922928
SCAFFOLD,0.1,42,5,0.6775599999999999,0.6741,0.03022313683256593,0.6551,0.6947,0.8107800000000001,0.05268901213725686
SCAFFOLD,0.1,43,5,0.6841200000000001,0.672,0.04157249090444301,0.6579,0.7255,0.80644,0.06668776499478744
SCAFFOLD,0.1,44,5,0.6808799999999999,0.7067,0.054804853799640826,0.6687,0.7173,0.87238,0.20073257583162724
SCAFFOLD,0.1,45,5,0.6662,0.6486,0.037103436498523996,0.6394,0.6822,0.8863199999999999,0.09916598207046605
SCAFFOLD,0.1,46,5,0.67708,0.6878,0.02514233481600305,0.653,0.6931,0.87898,0.06535489270131199
SCAFFOLD,0.1,47,5,0.63944,0.671,0.07435232343377036,0.5783,0.6863,0.9198999999999999,0.13531524304379017
SCAFFOLD,0.1,48,5,0.6784399999999999,0.6937,0.03622800022082372,0.6887,0.6948,0.8412200000000001,0.05865187124039605
SCAFFOLD,0.1,49,5,0.70778,0.7214,0.029482995098870125,0.6911,0.7286,0.78274,0.07780236500261418
SCAFFOLD,0.1,50,5,0.70426,0.6984,0.0288520883126335,0.6861,0.7243,0.78902,0.06390576656296361
SCAFFOLD,0.25,0,5,0.05689999999999999,0.0569,0.0,0.0569,0.0569,2.3126,0.0
SCAFFOLD,0.25,1,5,0.19576,0.1934,0.012528687082052934,0.1932,0.1962,2.29504,0.15457667353129323
SCAFFOLD,0.25,2,5,0.31452,0.3276,0.06326920261865168,0.2649,0.3527,1.9598600000000002,0.14735439593035554
SCAFFOLD,0.25,3,5,0.41669999999999996,0.4357,0.08151677741422315,0.3412,0.4858,1.58812,0.15273958884323344
SCAFFOLD,0.25,4,5,0.48008000000000006,0.511,0.079308492609556,0.3992,0.5157,1.3465,0.0880727824018295
SCAFFOLD,0.25,5,5,0.56096,0.5749,0.05354823059635114,0.5098,0.6039,1.1979799999999998,0.02560580012419063
SCAFFOLD,0.25,6,5,0.5567599999999999,0.5567,0.05119070228078531,0.5131,0.6041,1.18268,0.06515809236004383
SCAFFOLD,0.25,7,5,0.59408,0.5991,0.012103594507418028,0.5854,0.6018,1.08606,0.019860463237296355
SCAFFOLD,0.25,8,5,0.62388,0.6405,0.026581045878595506,0.6047,0.6415,1.04114,0.02483592156534564
SCAFFOLD,0.25,9,5,0.61078,0.6037,0.037057347449594914,0.5891,0.6404,1.03022,0.04215651788276637
SCAFFOLD,0.25,10,5,0.64432,0.6473,0.01838782205700287,0.6425,0.6505,0.97278,0.03440337192776312
SCAFFOLD,0.25,11,5,0.66518,0.6757,0.02374082980858084,0.6676,0.6772,0.91206,0.02875018260811567
SCAFFOLD,0.25,12,5,0.67,0.6741,0.01643000304321337,0.6739,0.6794,0.90312,0.03031017980811066
SCAFFOLD,0.25,13,5,0.67058,0.6721,0.009841595399121005,0.672,0.6742,0.8922399999999999,0.04330909835127029
SCAFFOLD,0.25,14,5,0.6708399999999999,0.6786,0.019628372321718386,0.6546,0.6865,0.8686400000000001,0.02969920874366862
SCAFFOLD,0.25,15,5,0.68484,0.6838,0.008257299800782379,0.6783,0.6906,0.8568200000000001,0.033919271808221386
SCAFFOLD,0.25,16,5,0.6759999999999999,0.6823,0.014991164064207916,0.6631,0.6832,0.85886,0.0413940575445317
SCAFFOLD,0.25,17,5,0.6751799999999999,0.6789,0.022886174866062717,0.6686,0.6823,0.84414,0.0437322878431943
SCAFFOLD,0.25,18,5,0.6892199999999999,0.6891,0.007986989420301007,0.6826,0.6954,0.82022,0.022361171704541803
SCAFFOLD,0.25,19,5,0.6685800000000001,0.6632,0.026739427817363614,0.6478,0.6737,0.8577199999999999,0.05437496666665646
SCAFFOLD,0.25,20,5,0.6893800000000001,0.6906,0.011844281320536063,0.6863,0.6986,0.81282,0.02423782168430161
SCAFFOLD,0.25,21,5,0.69198,0.6895,0.0062198874587889265,0.6875,0.696,0.81088,0.029395952102287813
SCAFFOLD,0.25,22,5,0.6913400000000001,0.6962,0.02220389605452165,0.6893,0.7063,0.8042,0.029343653487594195
SCAFFOLD,0.25,23,5,0.69172,0.6823,0.015818248954925458,0.6817,0.7006,0.7972400000000001,0.01878518032918503
SCAFFOLD,0.25,24,5,0.7026,0.7002,0.012727332792066054,0.697,0.7101,0.77588,0.014893354222605492
SCAFFOLD,0.25,25,5,0.69772,0.703,0.01685057862507991,0.6851,0.7095,0.78476,0.012461259968398053
SCAFFOLD,0.25,26,5,0.70548,0.7139,0.02229556009612675,0.7095,0.7157,0.7805,0.031019590584016418
SCAFFOLD,0.25,27,5,0.70804,0.709,0.015194505585901767,0.6985,0.7198,0.77716,0.028066759698974864
SCAFFOLD,0.25,28,5,0.68154,0.6814,0.02704714402668052,0.67,0.6935,0.81182,0.047476541575814074
SCAFFOLD,0.25,29,5,0.69482,0.6978,0.02386507909058752,0.6892,0.704,0.80002,0.0499052301868251
SCAFFOLD,0.25,30,5,0.71022,0.7138,0.014735060230620026,0.7044,0.7219,0.77546,0.027956358847317755
SCAFFOLD,0.25,31,5,0.7194200000000001,0.7197,0.005286965102967891,0.7189,0.7233,0.758,0.011165795985956415
SCAFFOLD,0.25,32,5,0.7042200000000001,0.7133,0.02701753134540609,0.6885,0.7188,0.77452,0.033954484239935086
SCAFFOLD,0.25,33,5,0.71782,0.7227,0.012500679981505,0.7155,0.7242,0.7691399999999999,0.02678969951305914
SCAFFOLD,0.25,34,5,0.7125999999999999,0.7257,0.029542850234870716,0.7188,0.7283,0.7764,0.054251129020509825
SCAFFOLD,0.25,35,5,0.71216,0.7241,0.04133500937462094,0.7226,0.7372,0.76754,0.046853953942010085
SCAFFOLD,0.25,36,5,0.71836,0.7243,0.01906614801159381,0.7075,0.7243,0.75824,0.02410462611201425
SCAFFOLD,0.25,37,5,0.7183200000000001,0.7219,0.016503393590410413,0.7119,0.7297,0.75394,0.020012071357058528
SCAFFOLD,0.25,38,5,0.7291399999999999,0.7273,0.004028399185780868,0.7269,0.7329,0.74488,0.013780130623473798
SCAFFOLD,0.25,39,5,0.7268600000000001,0.7323,0.015046693989046213,0.7321,0.7326,0.75502,0.03652077490963189
SCAFFOLD,0.25,40,5,0.71936,0.7269,0.015261815095197582,0.7065,0.7304,0.76838,0.03629258877512045
SCAFFOLD,0.25,41,5,0.72794,0.7288,0.01110193676796983,0.7259,0.7327,0.73658,0.018307293628496816
SCAFFOLD,0.25,42,5,0.71704,0.7213,0.014912008583688508,0.7182,0.7265,0.75316,0.04215955407733815
SCAFFOLD,0.25,43,5,0.7266999999999999,0.7251,0.008291260459061667,0.7249,0.7333,0.73122,0.02088245675202035
SCAFFOLD,0.25,44,5,0.71462,0.7059,0.021834994847720893,0.7002,0.7378,0.76366,0.04133736808264404
SCAFFOLD,0.25,45,5,0.7005399999999999,0.7134,0.02455316680186082,0.6862,0.7166,0.78072,0.022020603988083507
SCAFFOLD,0.25,46,5,0.71184,0.7199,0.014420575577971922,0.6982,0.7233,0.77584,0.019019411137046235
SCAFFOLD,0.25,47,5,0.7282,0.7313,0.010564563407921813,0.7211,0.7338,0.73556,0.009684678621410201
SCAFFOLD,0.25,48,5,0.7182999999999999,0.7249,0.022177127857321823,0.7021,0.7295,0.7595,0.04371607255918586
SCAFFOLD,0.25,49,5,0.72302,0.7281,0.012612969515542298,0.7187,0.7302,0.74226,0.015284730943003224
SCAFFOLD,0.25,50,5,0.72984,0.7297,0.007950974783006185,0.724,0.7373,0.73598,0.012384143087028654
SCAFFOLD,0.5,0,5,0.05689999999999999,0.0569,0.0,0.0569,0.0569,2.3126,0.0
SCAFFOLD,0.5,1,5,0.17382,0.1742,0.02077322796293345,0.1677,0.1831,2.182,0.007785563563416605
SCAFFOLD,0.5,2,5,0.3472,0.3596,0.061880408854499344,0.3106,0.3599,1.7674800000000002,0.04614278925249307
SCAFFOLD,0.5,3,5,0.52862,0.5476,0.0447177481543962,0.4859,0.5594,1.36274,0.03469499963971749
SCAFFOLD,0.5,4,5,0.5711999999999999,0.5762,0.026256427784449293,0.5618,0.5894,1.1939,0.02945980312222064
SCAFFOLD,0.5,5,5,0.5993999999999999,0.5973,0.01669835321221823,0.5926,0.6001,1.10466,0.016127709074757093
SCAFFOLD,0.5,6,5,0.62152,0.6164,0.019043555340324425,0.6078,0.6385,1.0482399999999998,0.01606869627567834
SCAFFOLD,0.5,7,5,0.64686,0.6469,0.007744223653795147,0.642,0.6502,0.9977600000000001,0.012173454727397594
SCAFFOLD,0.5,8,5,0.6616,0.663,0.006486909896090778,0.658,0.665,0.9443400000000001,0.0056544672604941434
SCAFFOLD,0.5,9,5,0.6739200000000001,0.6747,0.0022409819276379395,0.672,0.6759,0.9111800000000001,0.011721646642003893
SCAFFOLD,0.5,10,5,0.68128,0.6817,0.0043349740483652355,0.6793,0.6829,0.87342,0.009388397094286113
SCAFFOLD,0.5,11,5,0.6878,0.689,0.004885693400122454,0.6867,0.6917,0.85348,0.015826781100400686
SCAFFOLD,0.5,12,5,0.69612,0.695,0.004430237013975677,0.6949,0.6962,0.83152,0.012257732253561446
SCAFFOLD,0.5,13,5,0.69684,0.7037,0.011014218083913204,0.69,0.7042,0.82128,0.030990111326034304
SCAFFOLD,0.5,14,5,0.7043200000000001,0.7047,0.003355145302367695,0.7014,0.7073,0.79802,0.0096458281137495
SCAFFOLD,0.5,15,5,0.7067,0.7083,0.00511272921246563,0.7063,0.7099,0.79268,0.008473015991959442
SCAFFOLD,0.5,16,5,0.70426,0.703,0.0034760609891082176,0.7017,0.7066,0.7871400000000001,0.00664401986751995
SCAFFOLD,0.5,17,5,0.70626,0.7071,0.009072375653598074,0.7005,0.7139,0.7872,0.012136515150569386
SCAFFOLD,0.5,18,5,0.71058,0.711,0.0017569860557215486,0.7103,0.7118,0.77322,0.008881835395907766
SCAFFOLD,0.5,19,5,0.71072,0.7094,0.004827732386949384,0.7075,0.7114,0.77326,0.012099710740344159
SCAFFOLD,0.5,20,5,0.7169000000000001,0.7163,0.0034648232278140646,0.7154,0.7163,0.76552,0.005462325512087331
SCAFFOLD,0.5,21,5,0.71406,0.7197,0.010602971281673817,0.7102,0.7214,0.77322,0.010471723831346943
SCAFFOLD,0.5,22,5,0.71982,0.7198,0.002968501305372832,0.7188,0.721,0.77008,0.009147240020902501
SCAFFOLD,0.5,23,5,0.7215,0.7225,0.00329469270190711,0.7194,0.7238,0.7639400000000001,0.010535084242662696
SCAFFOLD,0.5,24,5,0.7262000000000001,0.7274,0.002346273641330077,0.7245,0.7275,0.75886,0.008235472056901158
SCAFFOLD,0.5,25,5,0.72672,0.7279,0.0052059581250716355,0.726,0.7293,0.75732,0.009906916775667362
SCAFFOLD,0.5,26,5,0.72226,0.7221,0.007685245604403278,0.7171,0.7237,0.7567600000000001,0.007407293702831051
SCAFFOLD,0.5,27,5,0.72112,0.7221,0.006155647813187506,0.7214,0.7257,0.7625,0.012650494061498138
SCAFFOLD,0.5,28,5,0.72778,0.7287,0.008473311041145605,0.7217,0.734,0.75324,0.008688958510661668
SCAFFOLD,0.5,29,5,0.73012,0.733,0.010284065344016451,0.7257,0.7351,0.74656,0.019062476229493412
SCAFFOLD,0.5,30,5,0.72768,0.7267,0.012125675238929965,0.7185,0.7395,0.7443799999999999,0.022688477251679984
SCAFFOLD,0.5,31,5,0.72626,0.727,0.00971612062502309,0.7229,0.7293,0.73908,0.01292427947701531
SCAFFOLD,0.5,32,5,0.7259,0.7266,0.00896214260096324,0.7257,0.7304,0.74698,0.018419473390952294
SCAFFOLD,0.5,33,5,0.72554,0.7274,0.009499105221019488,0.7192,0.7331,0.74608,0.018347261376020146
SCAFFOLD,0.5,34,5,0.7310399999999999,0.7323,0.00494449188491604,0.7307,0.7325,0.7437400000000001,0.012389027403311352
SCAFFOLD,0.5,35,5,0.7259599999999999,0.7248,0.008557043882089143,0.7227,0.7312,0.7473,0.012617250096593941
SCAFFOLD,0.5,36,5,0.71248,0.7132,0.015370328558622276,0.7089,0.7185,0.75278,0.015963614878842413
SCAFFOLD,0.5,37,5,0.71882,0.7247,0.010744859235932287,0.7113,0.7263,0.74562,0.011293228059328284
SCAFFOLD,0.5,38,5,0.71316,0.7101,0.013079105473999382,0.705,0.7246,0.74754,0.00952643689949191
SCAFFOLD,0.5,39,5,0.72446,0.7246,0.005749173853694122,0.7221,0.7275,0.73864,0.008059652597972216
SCAFFOLD,0.5,40,5,0.72628,0.723,0.010038276744541354,0.7177,0.7362,0.7439,0.00994409372441752
SCAFFOLD,0.5,41,5,0.7310800000000001,0.731,0.011302521842491612,0.7248,0.7378,0.74066,0.020074311943376832
SCAFFOLD,0.5,42,5,0.72828,0.7286,0.006597120584012374,0.7235,0.7297,0.73956,0.009405211321389878
SCAFFOLD,0.5,43,5,0.73652,0.737,0.005196344869232626,0.7343,0.7405,0.7295,0.011362878156523584
SCAFFOLD,0.5,44,5,0.73624,0.7354,0.007311839713779243,0.7336,0.7377,0.72662,0.009181339771514838
SCAFFOLD,0.5,45,5,0.73044,0.7332,0.010311546925655685,0.7203,0.7359,0.7308999999999999,0.011061645447219867
SCAFFOLD,0.5,46,5,0.73644,0.739,0.00831582828105537,0.7321,0.7422,0.72726,0.016065584334222026
SCAFFOLD,0.5,47,5,0.73326,0.7335,0.003843566052509057,0.7297,0.7358,0.72448,0.013554962191020658
SCAFFOLD,0.5,48,5,0.73216,0.7348,0.01103077513142208,0.7257,0.7383,0.7241000000000001,0.021097037706749255
SCAFFOLD,0.5,49,5,0.73368,0.7366,0.008453815706531571,0.7337,0.7378,0.7241199999999999,0.008388206006053955
SCAFFOLD,0.5,50,5,0.72846,0.7309,0.018397635717667647,0.7289,0.7348,0.7218,0.01465639792036235
SCAFFOLD,0.75,0,5,0.05689999999999999,0.0569,0.0,0.0569,0.0569,2.3126,0.0
SCAFFOLD,0.75,1,5,0.20102000000000003,0.1886,0.04429138742464499,0.1706,0.2089,2.1674800000000003,0.015479728679792918
SCAFFOLD,0.75,2,5,0.47497999999999996,0.4845,0.04041202791249159,0.4453,0.5011,1.6751999999999998,0.0286440220639491
SCAFFOLD,0.75,3,5,0.54626,0.5485,0.0276566990076546,0.5226,0.5723,1.29514,0.0220772054390949
SCAFFOLD,0.75,4,5,0.57948,0.5863,0.014276274023708024,0.5684,0.5883,1.1480000000000001,0.014690132742763151
SCAFFOLD,0.75,5,5,0.6193799999999999,0.6191,0.011109320411258318,0.6141,0.6236,1.05968,0.009134385584153913
SCAFFOLD,0.75,6,5,0.649,0.649,0.004602716589146078,0.6454,0.6533,0.99468,0.0034375863625514987
SCAFFOLD,0.75,7,5,0.66642,0.6676,0.003364074909986418,0.6649,0.6681,0.9442999999999999,0.01009158064923425
SCAFFOLD,0.75,8,5,0.68054,0.6812,0.0028094483444263676,0.6791,0.6815,0.8943999999999999,0.005484067833278499
SCAFFOLD,0.75,9,5,0.6875199999999999,0.6867,0.0036731457907357946,0.6861,0.6898,0.85932,0.006776208379322452
SCAFFOLD,0.75,10,5,0.6950200000000001,0.6951,0.002403539057306968,0.6933,0.6957,0.8323600000000001,0.006375578405133109
SCAFFOLD,0.75,11,5,0.6970799999999999,0.6969,0.003389985250705353,0.696,0.6977,0.82204,0.006785867667439448
SCAFFOLD,0.75,12,5,0.70322,0.7036,0.002120613118888024,0.7031,0.7046,0.8054,0.006332456079595016
SCAFFOLD,0.75,13,5,0.7069,0.7072,0.001986202406604116,0.7067,0.7079,0.79532,0.005140719793958822
SCAFFOLD,0.75,14,5,0.70834,0.7062,0.0054422421849822265,0.704,0.7124,0.78948,0.009632860426685272
SCAFFOLD,0.75,15,5,0.7112,0.7121,0.002918903903865308,0.7094,0.7131,0.7845,0.004032988966015171
SCAFFOLD,0.75,16,5,0.71556,0.7145,0.0036698773821478084,0.7132,0.7175,0.77988,0.010716902537580566
SCAFFOLD,0.75,17,5,0.7170400000000001,0.7165,0.0038481164223552536,0.7146,0.7203,0.78252,0.012693581055005718
SCAFFOLD,0.75,18,5,0.7187,0.7192,0.0024969981978367577,0.7185,0.7196,0.7834,0.0038301436004411125
SCAFFOLD,0.75,19,5,0.7205,0.7213,0.0035860842154082336,0.7193,0.7235,0.77964,0.00824518041039736
SCAFFOLD,0.75,20,5,0.72738,0.7278,0.006740326401592183,0.7218,0.7335,0.76642,0.013825773034445547
SCAFFOLD,0.75,21,5,0.72438,0.7217,0.005965484054123372,0.721,0.7294,0.76746,0.013791772909963383
SCAFFOLD,0.75,22,5,0.72688,0.727,0.004053023562724491,0.7231,0.7292,0.7635,0.004512205669071354
SCAFFOLD,0.75,23,5,0.72716,0.7264,0.002131431443889244,0.726,0.7268,0.7592,0.007289718787443065
SCAFFOLD,0.75,24,5,0.72458,0.7256,0.002999499958326364,0.723,0.7259,0.7605999999999999,0.004348562981031746
SCAFFOLD,0.75,25,5,0.72302,0.7231,0.004215684997719876,0.7207,0.7247,0.7598,0.0031503968004046846
SCAFFOLD,0.75,26,5,0.72424,0.7286,0.00823911403003989,0.7215,0.729,0.7541399999999999,0.010559498094133058
SCAFFOLD,0.75,27,5,0.7243999999999999,0.726,0.0034300145772285166,0.7238,0.7262,0.75244,0.007335393649968643
SCAFFOLD,0.75,28,5,0.72572,0.7241,0.004773049339782739,0.7219,0.7279,0.74294,0.007929880200860535
SCAFFOLD,0.75,29,5,0.73082,0.7306,0.004236389972606377,0.7299,0.7329,0.73792,0.007833070917590376
SCAFFOLD,0.75,30,5,0.7313,0.731,0.006079062427710396,0.7303,0.7359,0.7321,0.0054460995216760325
SCAFFOLD,0.75,31,5,0.735,0.7365,0.0038652296180175776,0.7313,0.7368,0.7282,0.005800862004909335
SCAFFOLD,0.75,32,5,0.73292,0.7325,0.00524757086660102,0.7282,0.7378,0.72706,0.007102323563454434
SCAFFOLD,0.75,33,5,0.73254,0.7363,0.007203679615307723,0.7248,0.7374,0.7281,0.008502646646780031
SCAFFOLD,0.75,34,5,0.73634,0.7381,0.006832129975344445,0.7302,0.7418,0.72294,0.010243680979023123
SCAFFOLD,0.75,35,5,0.7377,0.7393,0.006474565622495427,0.7313,0.7433,0.71912,0.005005696754698544
SCAFFOLD,0.75,36,5,0.74084,0.741,0.002152440475367412,0.7387,0.7429,0.71664,0.004378698436750347
SCAFFOLD,0.75,37,5,0.7388,0.7399,0.004202975136733494,0.7385,0.7402,0.7151,0.00417851648315523
SCAFFOLD,0.75,38,5,0.74256,0.7429,0.0024182638400306465,0.7415,0.7443,0.71092,0.012620103010673064
SCAFFOLD,0.75,39,5,0.7421,0.7408,0.004234383071947989,0.7397,0.7418,0.71294,0.014172967226378529
SCAFFOLD,0.75,40,5,0.74458,0.7447,0.0035202272653906824,0.7417,0.7455,0.7089399999999999,0.010078095058095071
SCAFFOLD,0.75,41,5,0.7403000000000001,0.7382,0.006872772366374438,0.7346,0.7435,0.71312,0.01712883533693986
SCAFFOLD,0.75,42,5,0.74256,0.745,0.0069805443913780844,0.7373,0.7457,0.7055400000000001,0.017323481174406043
SCAFFOLD,0.75,43,5,0.74744,0.7501,0.006130905316509129,0.7495,0.7505,0.69602,0.01656598925509729
SCAFFOLD,0.75,44,5,0.74768,0.7459,0.0054655283367666865,0.745,0.7533,0.693,0.008659387969135022
SCAFFOLD,0.75,45,5,0.74664,0.7489,0.006066959699882604,0.7462,0.7493,0.69356,0.010985809028014264
SCAFFOLD,0.75,46,5,0.74858,0.7469,0.004541695718561541,0.7462,0.7517,0.69054,0.006790287180966636
SCAFFOLD,0.75,47,5,0.7454799999999999,0.7459,0.004313003593784757,0.7433,0.7461,0.6940999999999999,0.00956530187709725
SCAFFOLD,0.75,48,5,0.7391,0.745,0.013511291574087184,0.7405,0.7459,0.7009000000000001,0.014106735979665858
SCAFFOLD,0.75,49,5,0.73356,0.7334,0.008407912939606368,0.7262,0.7393,0.7029799999999999,0.007099084448011585
SCAFFOLD,0.75,50,5,0.7369,0.7361,0.008911789943664521,0.7349,0.7417,0.6993,0.006423783931609147
SCAFFOLD,1.0,0,5,0.05689999999999999,0.0569,0.0,0.0569,0.0569,2.3126,0.0
SCAFFOLD,1.0,1,5,0.18226,0.1822,0.0008414273587185006,0.1816,0.1826,2.15584,0.0008234075540093774
SCAFFOLD,1.0,2,5,0.5512400000000001,0.5514,0.002455198566307837,0.5512,0.553,1.6052399999999998,0.0017643695757975238
SCAFFOLD,1.0,3,5,0.5506599999999999,0.5492,0.0037726648406663323,0.5487,0.5545,1.2527599999999999,0.0028701916312329784
SCAFFOLD,1.0,4,5,0.59724,0.5973,0.0011304866208850265,0.5966,0.5981,1.11622,0.0017253985046939396
SCAFFOLD,1.0,5,5,0.6349600000000001,0.6361,0.0021407942451342763,0.6337,0.6364,1.0310400000000002,0.0021302582003127277
SCAFFOLD,1.0,6,5,0.66266,0.663,0.0007162401831788019,0.6621,0.6632,0.96176,0.001788295277631779
SCAFFOLD,1.0,7,5,0.6782600000000001,0.6783,0.0009607288899580265,0.6773,0.679,0.90664,0.0021372880011828127
SCAFFOLD,1.0,8,5,0.68812,0.6882,0.0008843076387773812,0.6881,0.6885,0.86274,0.0021454603235669307
SCAFFOLD,1.0,9,5,0.69502,0.695,0.001134460224071336,0.6949,0.695,0.83382,0.0013809417076763417
SCAFFOLD,1.0,10,5,0.70048,0.7007,0.0008526429498916714,0.6998,0.7011,0.81512,0.0014202112518918026
SCAFFOLD,1.0,11,5,0.70446,0.7046,0.0014293355099486273,0.7031,0.7058,0.8071200000000001,0.0019967473550752558
SCAFFOLD,1.0,12,5,0.70526,0.7052,0.0015109599597606888,0.7045,0.706,0.8110799999999999,0.00436199495643911
SCAFFOLD,1.0,13,5,0.70422,0.705,0.0024813302883735957,0.7039,0.7057,0.82158,0.005970929575870097
SCAFFOLD,1.0,14,5,0.7035199999999999,0.7034,0.0013754999091239492,0.7025,0.7047,0.83208,0.003683340874803751
SCAFFOLD,1.0,15,5,0.70236,0.7027,0.002681044572549985,0.7005,0.7035,0.83056,0.00426239369368901
SCAFFOLD,1.0,16,5,0.70372,0.7041,0.0011966620241321171,0.7032,0.7045,0.81408,0.002263183598385287
SCAFFOLD,1.0,17,5,0.71146,0.7118,0.0011760102040373585,0.7109,0.7123,0.7906799999999999,0.0028682747427678412
SCAFFOLD,1.0,18,5,0.72156,0.7219,0.0006767569726275202,0.7211,0.7221,0.7729,0.0005612486080160784
SCAFFOLD,1.0,19,5,0.72638,0.7262,0.0028030340704315484,0.7245,0.7287,0.76492,0.0020067386476569165
SCAFFOLD,1.0,20,5,0.7279199999999999,0.7273,0.001557883179189031,0.7272,0.729,0.75878,0.0011882760622010306
SCAFFOLD,1.0,21,5,0.7320599999999999,0.7328,0.0030021658848238177,0.7313,0.7338,0.7464000000000001,0.0021771541057077465
SCAFFOLD,1.0,22,5,0.73436,0.7349,0.0024643457549621546,0.7318,0.7362,0.73872,0.001541752249876771
SCAFFOLD,1.0,23,5,0.73644,0.7359,0.0017256882684888205,0.7354,0.7371,0.73302,0.0024056184236075397
SCAFFOLD,1.0,24,5,0.73772,0.7374,0.0016115210206509864,0.7366,0.7389,0.72992,0.0019357169214531456
SCAFFOLD,1.0,25,5,0.7412,0.7422,0.0026561249970586845,0.7391,0.7427,0.72114,0.0024945941553687224
SCAFFOLD,1.0,26,5,0.74344,0.7437,0.0021279097725232406,0.7422,0.7451,0.71594,0.001793878479719296
SCAFFOLD,1.0,27,5,0.7443,0.7452,0.0013266499161421704,0.7434,0.7452,0.7126,0.004043513323831132
SCAFFOLD,1.0,28,5,0.7446200000000001,0.7464,0.0034244707620302065,0.7427,0.7472,0.71004,0.007908729354327435
SCAFFOLD,1.0,29,5,0.74428,0.7449,0.0028101601377856994,0.7422,0.7466,0.7075199999999999,0.005776417574933507
SCAFFOLD,1.0,30,5,0.74536,0.7457,0.00194242116957168,0.7448,0.7463,0.70328,0.003177577693778654
SCAFFOLD,1.0,31,5,0.74648,0.7465,0.0024035390573069644,0.7446,0.7487,0.69794,0.0027880100430235006
SCAFFOLD,1.0,32,5,0.7436999999999999,0.7434,0.0008860022573334658,0.7433,0.7437,0.69772,0.0018294808006645209
SCAFFOLD,1.0,33,5,0.7448,0.7442,0.0018694919095839718,0.7435,0.7448,0.6956,0.0014628738838327927
SCAFFOLD,1.0,34,5,0.7415200000000001,0.7418,0.00344557687477729,0.7395,0.7421,0.69808,0.001583350877095766
SCAFFOLD,1.0,35,5,0.74302,0.7437,0.002911528808031954,0.7407,0.7449,0.69544,0.003585108087631399
SCAFFOLD,1.0,36,5,0.7454,0.7461,0.004130980513146913,0.745,0.7483,0.6918,0.006384355879804955
SCAFFOLD,1.0,37,5,0.7497199999999999,0.7518,0.004110596063833079,0.7494,0.7522,0.68632,0.005465070905303963
SCAFFOLD,1.0,38,5,0.7525999999999999,0.7526,0.0030862598724022213,0.7522,0.7529,0.6839000000000001,0.004003123780249616
SCAFFOLD,1.0,39,5,0.75542,0.758,0.004138477981094038,0.7531,0.7583,0.68284,0.005377080992508886
SCAFFOLD,1.0,40,5,0.7545,0.7545,0.0037436613094669943,0.7514,0.7555,0.68432,0.0067813715426896575
SCAFFOLD,1.0,41,5,0.7537200000000001,0.7537,0.0028604195496464606,0.7529,0.7554,0.68544,0.007603157238936992
SCAFFOLD,1.0,42,5,0.75024,0.7514,0.006123152782676641,0.7494,0.7533,0.68592,0.006977607039666241
SCAFFOLD,1.0,43,5,0.75298,0.7507,0.005465070905303962,0.7498,0.7582,0.67892,0.006728075504927121
SCAFFOLD,1.0,44,5,0.75464,0.7539,0.004502554830315793,0.7518,0.7573,0.67884,0.007013059246862219
SCAFFOLD,1.0,45,5,0.75388,0.7543,0.0028358420266298397,0.7525,0.7545,0.68216,0.008734586424095836
SCAFFOLD,1.0,46,5,0.7557,0.756,0.0016673332000533244,0.7554,0.757,0.68004,0.007275506855195726
SCAFFOLD,1.0,47,5,0.7559400000000001,0.7549,0.0031548375552475187,0.7541,0.7581,0.68056,0.00902346939929427
SCAFFOLD,1.0,48,5,0.7521,0.7507,0.005164784603446647,0.7506,0.7535,0.68708,0.011453252813065832
SCAFFOLD,1.0,49,5,0.75572,0.7558,0.003210451681617404,0.7528,0.7587,0.68138,0.00592764708801054
SCAFFOLD,1.0,50,5,0.7522800000000001,0.7512,0.005554907740007974,0.7488,0.7559,0.6854,0.008926085368177922
