algorithm,join_ratio,rep,planned_run,exit_code,global_rounds_parameter,logged_evaluations,local_epochs,batch_size,learning_rate,best_accuracy_from_rounds,best_accuracy_round,best_accuracy_reported,final_accuracy_round_50,initial_accuracy_round_0,total_time_reported_s,sum_iteration_time_s,monitor_samples,monitor_duration_s,cpu_util_fraction_mean,gpu_util_fraction_mean,estimated_power_mean_w,estimated_power_peak_w,estimated_energy_j
FedAvg,0.1,rep1,True,0,50,51,5,10,0.005,0.6978,49,0.6978285714285715,0.6687,0.0569,1709.63,1706.3880770206451,1599,1599.0,0.13367839274546592,0.6156347717323327,14.161523608505314,17.90625,22644.27625
FedAvg,0.1,rep2,True,0,50,51,5,10,0.005,0.6848,45,0.6848,0.6047,0.0569,1199.88,1196.1215183734894,1118,1118.0,0.1346106663685152,0.6138819320214669,14.157979315742397,17.08125,15828.620875
FedAvg,0.1,rep3,True,0,50,51,5,10,0.005,0.6968,47,0.6968,0.6471,0.0569,1265.83,1262.4347417354584,1182,1182.0,0.13419071489001694,0.5781218274111676,13.794078997461927,16.90625,16304.601374999998
FedAvg,0.1,rep4,True,0,50,51,5,10,0.005,0.6899,45,0.6898857142857143,0.6482,0.0569,1546.82,1542.6145107746124,1457,1457.0,0.13298878689087165,0.4480851063829787,12.475682867192862,16.00625,18177.0699375
FedAvg,0.1,rep5,True,0,50,51,5,10,0.005,0.7035,41,0.7034857142857143,0.6666,0.0569,1704.79,1698.3559820652008,1624,1624.0,0.1313793488300493,0.47367610837438423,12.70745131619458,17.5625,20636.9009375
FedAvg,0.25,rep1,True,0,50,51,5,10,0.005,0.7118,45,0.7118285714285715,0.6697,0.0569,2840.18,2833.6737847328186,2834,2834.0,0.1251771656669019,0.5456069160197601,13.333726645201128,17.575,37787.781312499996
FedAvg,0.25,rep2,True,0,50,51,5,10,0.005,0.7054,41,0.7053714285714285,0.6343,0.0569,2240.81,2235.2896938323975,2241,2241.0,0.12496159080767512,0.6740562248995984,14.614986111111111,17.675,32752.183875
FedAvg,0.25,rep3,True,0,50,51,5,10,0.005,0.7126,47,0.7126285714285714,0.6629,0.0569,2773.31,2768.9302232265472,2772,2772.0,0.12498383387445886,0.7511652236652236,15.386409744769121,17.775,42651.1278125
FedAvg,0.25,rep4,True,0,50,51,5,10,0.005,0.7155,48,0.7154857142857143,0.6721,0.0569,4073.12,4068.2107770442963,4068,4068.0,0.1249982331612586,0.8629473942969519,16.5044474403884,17.793750000000003,67140.0921875
FedAvg,0.25,rep5,True,0,50,51,5,10,0.005,0.6993,43,0.6992571428571429,0.637,0.0569,3775.01,3770.112101793289,3771,3771.0,0.1249989028109255,0.8456377618668789,16.33136116083267,17.793750000000003,61585.5629375
FedAvg,0.5,rep1,True,0,50,51,5,10,0.005,0.7145,46,0.7144571428571429,0.7134,0.0569,6777.9,6773.346288204193,6766,6766.0,0.1250125166272539,0.889494531480934,16.77013306421815,17.8125,113466.7203125
FedAvg,0.5,rep2,True,0,50,51,5,10,0.005,0.7135,46,0.7134857142857143,0.6993,0.0569,6765.93,6760.150039196014,6679,6679.0,0.12635959163048358,0.856141637969756,16.456810254154814,17.83125,109915.0356875
FedAvg,0.5,rep3,True,0,50,51,5,10,0.005,0.7146,49,0.7145714285714285,0.7095,0.0569,5137.62,5132.78454208374,5024,5024.0,0.12763306628184712,0.8350338375796177,16.264834370023884,17.83125,81714.527875
FedAvg,0.5,rep4,True,0,50,51,5,10,0.005,0.7147,50,0.7146857142857143,0.7147,0.0569,3962.91,3958.1951718330383,3915,3915.0,0.1263457694763729,0.7801302681992337,15.696489224137931,17.731250000000003,61451.7553125
FedAvg,0.5,rep5,True,0,50,51,5,10,0.005,0.7152,43,0.7152,0.6884,0.0569,3665.3,3660.557729959488,3663,3663.0,0.12494103535353536,0.7236773136773137,15.110888667076168,17.59375,55351.1851875
FedAvg,0.75,rep1,True,0,50,51,5,10,0.005,0.7141,44,0.7141142857142857,0.7064,0.0569,5889.04,5884.383272886276,5882,5882.0,0.1249477792417545,0.8133713022781367,16.007929711407684,17.8125,94158.6425625
FedAvg,0.75,rep2,True,0,50,51,5,10,0.005,0.7183,48,0.7183428571428572,0.7142,0.0569,5616.55,5611.525866270065,5608,5608.0,0.12495770105206847,0.7382132667617688,15.256498183398715,17.793750000000003,85558.4418125
FedAvg,0.75,rep3,True,0,50,51,5,10,0.005,0.7165,46,0.7165142857142857,0.7035,0.0569,5148.09,5143.565003871918,5103,5103.0,0.12588909220066627,0.7413521457965903,15.301857840975899,17.7125,78085.38056250001
FedAvg,0.75,rep4,True,0,50,51,5,10,0.005,0.7134,50,0.7134285714285714,0.7134,0.0569,5373.79,5369.234931707382,5266,5266.0,0.127343564849981,0.7835282947208506,15.74543641995822,17.8125,82915.4681875
FedAvg,0.75,rep5,True,0,50,51,5,10,0.005,0.7154,45,0.7154285714285714,0.7099,0.0569,5335.11,5330.820465326309,5269,5269.0,0.12634024245587397,0.7990036059973429,15.885139696811542,17.83125,83698.80106250002
FedAvg,1.0,rep1,True,0,50,51,5,10,0.005,0.7155,50,0.7154857142857143,0.7155,0.0569,7295.59,7290.6415548324585,7284,7284.0,0.12492324272377815,0.7716790225151016,15.590638866007687,17.69375,113562.2135
FedAvg,1.0,rep2,True,0,50,51,5,10,0.005,0.7149,50,0.7149142857142857,0.7149,0.0569,6419.7,6415.556918382645,6411,6411.0,0.12491680510060832,0.7664451723600063,15.538203800109187,17.65625,99615.4245625
FedAvg,1.0,rep3,True,0,50,51,5,10,0.005,0.715,50,0.7150285714285715,0.715,0.0569,6307.99,6303.270835638046,6300,6300.0,0.12491830357142858,0.742642857142857,15.300203125000001,17.49375,96391.2796875
FedAvg,1.0,rep4,True,0,50,51,5,10,0.005,0.7145,47,0.7145142857142858,0.7141,0.0569,6762.51,6758.222008943558,6753,6753.0,0.12492477602547016,0.7912009477269362,15.785881117651414,17.75625,106602.0551875
FedAvg,1.0,rep5,True,0,50,51,5,10,0.005,0.7161,49,0.7160571428571428,0.7161,0.0569,7034.23,7029.339161872864,7026,7026.0,0.12492213208084259,0.7513393111300882,15.387225092513521,17.69375,108110.6435
FedProx,0.1,rep1,True,0,50,51,5,10,0.005,0.6943,30,0.6943428571428572,0.456,0.0569,1573.02,1568.570161819458,1576,1576.0,0.12476372937817258,0.6606154822335026,14.477610763007613,17.39375,22816.714562499998
FedProx,0.1,rep2,True,0,50,51,5,10,0.005,0.6963,33,0.6963428571428572,0.6598,0.0569,1663.97,1660.0682878494263,1665,1665.0,0.12500607357357357,0.6644804804804806,14.519895908408408,17.59375,24175.6266875
FedProx,0.1,rep3,True,0,50,51,5,10,0.005,0.7018,45,0.7018285714285715,0.5607,0.0569,2102.08,2097.3712022304535,2103,2103.0,0.12501737993342843,0.5781169757489301,13.656430456490728,17.65625,28719.473250000003
FedProx,0.1,rep4,True,0,50,51,5,10,0.005,0.709,50,0.7090285714285715,0.709,0.0569,1765.78,1759.7236666679382,1768,1768.0,0.1250000636312217,0.7020757918552036,14.895758873020363,17.69375,26335.7016875
FedProx,0.1,rep5,True,0,50,51,5,10,0.005,0.692,43,0.692,0.6865,0.0569,1974.36,1969.6939733028412,1974,1974.0,0.12500893490374873,0.746742654508612,15.342560568642352,17.793750000000003,30286.2145625
FedProx,0.25,rep1,True,0,50,51,5,10,0.005,0.7129,48,0.7128571428571429,0.6528,0.0569,2959.57,2954.4100539684296,2959,2959.0,0.12496669905373436,0.7603717472118959,15.478217957924976,17.793750000000003,45800.0469375
FedProx,0.25,rep2,True,0,50,51,5,10,0.005,0.7031,40,0.7030857142857143,0.6987,0.0569,2848.22,2843.1442532539368,2847,2847.0,0.12495882068844398,0.7412328767123287,15.286711077449947,17.69375,43521.2664375
FedProx,0.25,rep3,True,0,50,51,5,10,0.005,0.7054,37,0.7054285714285714,0.6431,0.0569,2886.19,2881.4310948848724,2885,2885.0,0.12495225736568458,0.7495667244367418,15.369951104852689,17.69375,44342.308937500005
FedProx,0.25,rep4,True,0,50,51,5,10,0.005,0.7061,50,0.7060571428571428,0.7061,0.0569,3388.22,3382.934888124466,3385,3385.0,0.12497163589364844,0.7985760709010339,15.860335247415065,17.793750000000003,53687.2348125
FedProx,0.25,rep5,True,0,50,51,5,10,0.005,0.7046,47,0.7045714285714286,0.6854,0.0569,5545.05,5540.524121999741,5538,5538.0,0.12499330985915491,0.8796767786204406,16.67166743409173,17.793750000000003,92327.69425
FedProx,0.5,rep1,True,0,50,51,5,10,0.005,0.7093,46,0.7092571428571428,0.7089,0.0569,5395.59,5390.563860416412,5388,5388.0,0.1249423139383816,0.7192761692650335,15.066896401726057,17.75625,81180.4378125
FedProx,0.5,rep2,True,0,50,51,5,10,0.005,0.7109,49,0.7108571428571429,0.7038,0.0569,5614.89,5609.509968280792,5607,5607.0,0.12494479668271803,0.832825040128411,16.20242235152488,17.793750000000003,90846.98212500001
FedProx,0.5,rep3,True,0,50,51,5,10,0.005,0.7134,44,0.7134285714285714,0.6686,0.0569,6161.27,6156.263686418533,6153,6153.0,0.1249567243620998,0.850836990086137,16.382720766292866,17.793750000000003,100802.880875
FedProx,0.5,rep4,True,0,50,51,5,10,0.005,0.7119,39,0.7118857142857142,0.6531,0.0569,4719.81,4715.0918509960175,4715,4715.0,0.12492612672322374,0.75935737009544,15.467465601802758,17.793750000000003,72929.1003125
FedProx,0.5,rep5,True,0,50,51,5,10,0.005,0.7163,50,0.7163428571428572,0.7163,0.0569,4861.02,4856.855230808258,4855,4855.0,0.12494860968074152,0.671849639546859,14.59272554067971,17.675,70847.6825
FedProx,0.75,rep1,True,0,50,51,5,10,0.005,0.7169,49,0.7168571428571429,0.6981,0.0569,6192.09,6186.964450836182,6185,6185.0,0.12491921382376718,0.7507113985448666,15.380902192805173,17.69375,95130.8800625
FedProx,0.75,rep2,True,0,50,51,5,10,0.005,0.7159,48,0.7158857142857142,0.7131,0.0569,6215.77,6211.5341765880585,6207,6207.0,0.12491108425970678,0.7635057193491219,15.508723457386822,17.775,96262.6465
FedProx,0.75,rep3,True,0,50,51,5,10,0.005,0.7178,50,0.7177714285714286,0.7178,0.0569,5994.88,5990.2302787303925,5988,5988.0,0.12493475701402806,0.7077788911155645,14.951810266366062,17.65625,89531.43987499998
FedProx,0.75,rep4,True,0,50,51,5,10,0.005,0.7125,50,0.7124571428571429,0.7125,0.0569,6602.88,6598.493405342102,6593,6593.0,0.12492521424237829,0.6992992567875019,14.866870781510693,17.675,98017.2790625
FedProx,0.75,rep5,True,0,50,51,5,10,0.005,0.7119,49,0.7119428571428571,0.7059,0.0569,6031.97,6028.069512605667,6025,6025.0,0.12493245643153526,0.7327053941908712,15.201040788381743,17.65625,91586.27075
FedProx,1.0,rep1,True,0,50,51,5,10,0.005,0.7161,50,0.7160571428571428,0.7161,0.0569,7760.34,7756.210757255554,7750,7750.0,0.12492091451612904,0.7232051612903226,15.10586533064516,17.575,117070.4563125
FedProx,1.0,rep2,True,0,50,51,5,10,0.005,0.715,48,0.7150285714285715,0.7146,0.0569,8641.72,8635.872504472733,8628,8628.0,0.12493200770746407,0.7367431617987946,15.241411733599907,17.775,131502.9004375
FedProx,1.0,rep3,True,0,50,51,5,10,0.005,0.7155,50,0.7154857142857143,0.7155,0.0569,7868.58,7864.3133199214935,7858,7858.0,0.12491802621532196,0.7334538050394503,15.208308443624333,17.775,119506.88775000001
FedProx,1.0,rep4,True,0,50,51,5,10,0.005,0.7148,50,0.7148,0.7148,0.0569,8218.02,8213.106874227524,8205,8205.0,0.12491386806825108,0.7887653869591712,15.761361890615477,17.775,129321.9743125
FedProx,1.0,rep5,True,0,50,51,5,10,0.005,0.717,49,0.7170285714285715,0.7157,0.0569,10441.76,10437.421101808548,10424,10424.0,0.1249451662029931,0.8214965464313122,16.08914295735802,17.793750000000003,167713.2261875
SCAFFOLD,0.1,rep1,True,0,50,51,5,10,0.005,0.742,50,0.742,0.742,0.0569,1372.13,1367.5125350952148,1375,1375.0,0.12471099090909092,0.6442327272727273,14.312992136363638,17.775,19680.364187500003
SCAFFOLD,0.1,rep2,True,0,50,51,5,10,0.005,0.7337,49,0.7336571428571429,0.6861,0.0569,1362.05,1357.4075541496277,1364,1364.0,0.12500559934017594,0.6186510263929618,14.061594254032258,17.375,19180.0145625
SCAFFOLD,0.1,rep3,True,0,50,51,5,10,0.005,0.7383,39,0.7383428571428572,0.6984,0.0569,1383.29,1378.4783713817596,1385,1385.0,0.12500009927797834,0.619870036101083,14.073701850180505,17.375,19492.0770625
SCAFFOLD,0.1,rep4,True,0,50,51,5,10,0.005,0.7293,43,0.7293142857142857,0.7243,0.0569,1376.02,1371.2161288261414,1378,1378.0,0.12500098875181423,0.6224455732946299,14.09947056422351,17.675,19429.0704375
SCAFFOLD,0.1,rep5,True,0,50,51,5,10,0.005,0.7265,39,0.7265142857142857,0.6705,0.0569,1375.56,1370.5417058467865,1378,1378.0,0.1250010431785196,0.6149927431059506,14.024943078737302,17.09375,19326.3715625
SCAFFOLD,0.25,rep1,True,0,50,51,5,10,0.005,0.7329,38,0.7328571428571429,0.7297,0.0569,2322.23,2317.086841106415,2323,2323.0,0.12495487516142918,0.6925441239776152,14.79976436719759,17.775,34379.852625
SCAFFOLD,0.25,rep2,True,0,50,51,5,10,0.005,0.7373,50,0.7372571428571428,0.7373,0.0569,2354.22,2349.235507965088,2355,2355.0,0.12494064225053078,0.6916518046709129,14.790627680467091,17.675,34831.9281875
SCAFFOLD,0.25,rep3,True,0,50,51,5,10,0.005,0.7378,44,0.7377714285714285,0.724,0.0569,2822.2,2816.9585149288177,2821,2821.0,0.12495263204537396,0.640074441687345,14.275033897554058,17.675,40269.870624999996
SCAFFOLD,0.25,rep4,True,0,50,51,5,10,0.005,0.743,36,0.7429714285714286,0.7381,0.0569,2465.43,2459.883577823639,2466,2466.0,0.12493874695863746,0.715,15.024081204379563,17.675,37049.38425
SCAFFOLD,0.25,rep5,True,0,50,51,5,10,0.005,0.7452,48,0.7452,0.7201,0.0569,2384.23,2379.3781740665436,2384,2384.0,0.12494004823825504,0.702751677852349,14.901617502097315,17.575,35525.456125
SCAFFOLD,0.5,rep1,True,0,50,51,5,10,0.005,0.749,50,0.7489714285714286,0.749,0.0569,3948.15,3943.9123117923737,3946,3946.0,0.12492120184997467,0.7286239229599595,15.160057257349214,17.475,59821.5859375
SCAFFOLD,0.5,rep2,True,0,50,51,5,10,0.005,0.7422,46,0.7421714285714286,0.7348,0.0569,3983.71,3979.0579841136932,3981,3981.0,0.12492567508163778,0.7135367997990455,15.009253124215023,17.575,59751.83668750001
SCAFFOLD,0.5,rep3,True,0,50,51,5,10,0.005,0.7383,48,0.7383428571428572,0.7289,0.0569,3926.84,3921.9553520679474,3924,3924.0,0.12491759683995922,0.7163786952089705,15.037550904689093,17.575,59007.34975
SCAFFOLD,0.5,rep4,True,0,50,51,5,10,0.005,0.7451,48,0.7450857142857142,0.7309,0.0569,3934.53,3929.604161262512,3932,3932.0,0.12492602365208547,0.709504069175992,14.9689310465412,17.475,58857.836875
SCAFFOLD,0.5,rep5,True,0,50,51,5,10,0.005,0.7455,41,0.7454857142857143,0.6987,0.0569,4386.13,4381.097683906555,4382,4382.0,0.12493684675947055,0.6456047466910086,14.330100168302145,17.475,62794.4989375
SCAFFOLD,0.75,rep1,True,0,50,51,5,10,0.005,0.7506,43,0.7505714285714286,0.7239,0.0569,5533.69,5529.104182720184,5528,5528.0,0.12490556485166424,0.7269247467438495,15.142830940213459,17.675,83709.5694375
SCAFFOLD,0.75,rep2,True,0,50,51,5,10,0.005,0.7547,46,0.7546857142857143,0.7479,0.0569,5858.57,5854.679706573486,5851,5851.0,0.12491229277046657,0.792114168518202,15.794826076739017,17.793750000000003,92415.52737499999
SCAFFOLD,0.75,rep3,True,0,50,51,5,10,0.005,0.7511,42,0.7510857142857142,0.7349,0.0569,5550.8,5545.712591171265,5545,5545.0,0.1249124165915239,0.7350297565374211,15.22398381424707,17.69375,84416.99025
SCAFFOLD,0.75,rep4,True,0,50,51,5,10,0.005,0.7533,44,0.7532571428571428,0.7417,0.0569,7475.8,7471.311599731445,7464,7464.0,0.12493092678188639,0.7961789924973205,15.8357538267015,17.875,118198.0665625
SCAFFOLD,0.75,rep5,True,0,50,51,5,10,0.005,0.7533,44,0.7532571428571428,0.7361,0.0569,11609.26,11604.245376586914,11589,11589.0,0.1249818524031409,0.9155733885581154,17.03046167162827,17.89375,197366.0203125
SCAFFOLD,1.0,rep1,True,0,50,51,5,10,0.005,0.7599,48,0.7598857142857143,0.7597,0.0569,10719.92,10715.621329545975,10701,10701.0,0.12494822446500327,0.8718502943650126,16.592726310625174,17.89375,177558.76425
SCAFFOLD,1.0,rep2,True,0,50,51,5,10,0.005,0.7608,44,0.7608,0.7488,0.0569,10426.17,10421.6732609272,10409,10409.0,0.12494700499567682,0.8438706888269765,16.31291196320492,17.875,169801.10062500002
SCAFFOLD,1.0,rep3,True,0,50,51,5,10,0.005,0.7582,43,0.7582285714285715,0.7512,0.0569,6938.3,6933.904885053635,6931,6931.0,0.12492451486077046,0.6878834223055836,14.752701945967393,17.075000000000003,102250.9771875
SCAFFOLD,1.0,rep4,True,0,50,51,5,10,0.005,0.7583,39,0.7582857142857143,0.7458,0.0569,7318.8,7314.274261713028,7310,7310.0,0.12493666723666211,0.6457564979480164,14.331614988030095,17.075000000000003,104764.1055625
SCAFFOLD,1.0,rep5,True,0,50,51,5,10,0.005,0.7602,40,0.7602285714285715,0.7559,0.0569,7185.7,7181.430119514465,7177,7177.0,0.12491406054061584,0.7240434722028701,15.11414563013794,17.65625,108474.2231875
